[{"id":"user-image-904956f321678d27451a2a77c3cea3a2.jpeg","publicUrl":"https://assets.nicepagecdn.com/32274704/4948407/images/904956f321678d27451a2a77c3cea3a2.jpeg","size":71269,"hash":"jRBMIZDaWWh/H88W78G4dNaznog=","fileName":"904956f321678d27451a2a77c3cea3a2.jpeg","name":"904956f321678d27451a2a77c3cea3a2","width":800,"height":516,"originalUrl":"//images01.nicepage.com/90/49/904956f321678d27451a2a77c3cea3a2.jpeg","usages":["33892987"],"thumbnail":{"url":"https://assets.nicepagecdn.com/32274704/4948407/images/904956f321678d27451a2a77c3cea3a2.jpeg","width":800,"height":516}},{"id":"user-image-3ccaea892b400543b2c4319f0019b64f.jpeg","publicUrl":"https://assets.nicepagecdn.com/32274704/4948407/images/3ccaea892b400543b2c4319f0019b64f.jpeg","size":138788,"hash":"nGKvfFbQ4Lme6fSS7Z0X4LLkk2c=","fileName":"3ccaea892b400543b2c4319f0019b64f.jpeg","name":"3ccaea892b400543b2c4319f0019b64f","width":800,"height":533,"originalUrl":"//images01.nicepage.com/3c/ca/3ccaea892b400543b2c4319f0019b64f.jpeg","usages":["33892987"],"thumbnail":{"url":"https://assets.nicepagecdn.com/32274704/4948407/images/3ccaea892b400543b2c4319f0019b64f.jpeg","width":800,"height":533}},{"id":"user-image-e223ade4e89520390015709f49c54a7b.jpeg","publicUrl":"https://assets.nicepagecdn.com/32274704/4948407/images/e223ade4e89520390015709f49c54a7b.jpeg","size":121148,"hash":"xamrbD6m5qM4hYEtIsk0DBxVydY=","fileName":"e223ade4e89520390015709f49c54a7b.jpeg","name":"e223ade4e89520390015709f49c54a7b","width":1125,"height":750,"originalUrl":"//images01.nicepage.com/e2/23/e223ade4e89520390015709f49c54a7b.jpeg","usages":["33892987"],"thumbnail":{"url":"https://assets.nicepagecdn.com/32274704/4948407/images/e223ade4e89520390015709f49c54a7b.jpeg","width":1125,"height":750}},{"id":"user-image-4e1873eeb9e13ecec55cfd09ad8ead48.jpeg","publicUrl":"https://assets.nicepagecdn.com/32274704/4948407/images/4e1873eeb9e13ecec55cfd09ad8ead48.jpeg","size":96235,"hash":"Sdwx+Ben4wivdK9qZwNCLRkeYCE=","fileName":"4e1873eeb9e13ecec55cfd09ad8ead48.jpeg","name":"4e1873eeb9e13ecec55cfd09ad8ead48","width":800,"height":532,"originalUrl":"//images01.nicepage.com/4e/18/4e1873eeb9e13ecec55cfd09ad8ead48.jpeg","usages":["33892987"],"thumbnail":{"url":"https://assets.nicepagecdn.com/32274704/4948407/images/4e1873eeb9e13ecec55cfd09ad8ead48.jpeg","width":800,"height":532}},{"id":"user-image-ff89da06e15289ed02f488ce727bade2.jpeg","publicUrl":"https://assets.nicepagecdn.com/32274704/4948407/images/ff89da06e15289ed02f488ce727bade2.jpeg","size":62055,"hash":"pCSVxAEVG6l/kLaVSuQ0L4AvyhQ=","fileName":"ff89da06e15289ed02f488ce727bade2.jpeg","name":"ff89da06e15289ed02f488ce727bade2","width":800,"height":533,"originalUrl":"//images01.nicepage.com/ff/89/ff89da06e15289ed02f488ce727bade2.jpeg","usages":["33892987"],"thumbnail":{"url":"https://assets.nicepagecdn.com/32274704/4948407/images/ff89da06e15289ed02f488ce727bade2.jpeg","width":800,"height":533}},{"id":"user-image-098140f39d51b68098ca47d042c943c1.jpeg","publicUrl":"https://assets.nicepagecdn.com/32274704/4948407/images/098140f39d51b68098ca47d042c943c1.jpeg","size":117022,"hash":"L9u6GLdhg2jv96KzUO+4ZY43VwU=","fileName":"098140f39d51b68098ca47d042c943c1.jpeg","name":"098140f39d51b68098ca47d042c943c1","width":1125,"height":750,"originalUrl":"//images01.nicepage.com/09/81/098140f39d51b68098ca47d042c943c1.jpeg","usages":["33892987"],"thumbnail":{"url":"https://assets.nicepagecdn.com/32274704/4948407/images/098140f39d51b68098ca47d042c943c1.jpeg","width":1125,"height":750}},{"id":"user-image-7475b61b8b7881a489833e3954484cbc.jpeg","publicUrl":"https://assets.nicepagecdn.com/32274704/4948407/images/7475b61b8b7881a489833e3954484cbc.jpeg","size":50850,"hash":"L6G44RGFkyzdpvKv9vlYRyh8GwA=","fileName":"7475b61b8b7881a489833e3954484cbc.jpeg","name":"7475b61b8b7881a489833e3954484cbc","width":1125,"height":750,"originalUrl":"//images01.nicepage.com/74/75/7475b61b8b7881a489833e3954484cbc.jpeg","usages":["33892987"],"thumbnail":{"url":"https://assets.nicepagecdn.com/32274704/4948407/images/7475b61b8b7881a489833e3954484cbc.jpeg","width":1125,"height":750}},{"id":"user-image-679394204b98f1f0378d4440716d148f.png","publicUrl":"https://assets.nicepagecdn.com/32274704/4948407/images/679394204b98f1f0378d4440716d148f.png","size":37583,"hash":"KrIp8rs+KRiRhfOTpEuquFuKo4w=","fileName":"679394204b98f1f0378d4440716d148f.png","name":"679394204b98f1f0378d4440716d148f","width":363,"height":239,"originalUrl":"//images01.nicepage.com/67/93/679394204b98f1f0378d4440716d148f.png","usages":["33892987"],"thumbnail":{"url":"https://assets.nicepagecdn.com/32274704/4948407/images/679394204b98f1f0378d4440716d148f.png","width":363,"height":239}},{"id":"user-image-84e1f9e6aea0098c287592c146bf7772.jpeg","publicUrl":"https://assets.nicepagecdn.com/32274704/4948407/images/84e1f9e6aea0098c287592c146bf7772.jpeg","size":84702,"hash":"PtTrkuEGLVFxlzthmKu4iPHRrtc=","fileName":"84e1f9e6aea0098c287592c146bf7772.jpeg","name":"84e1f9e6aea0098c287592c146bf7772","width":800,"height":533,"originalUrl":"//images01.nicepage.com/84/e1/84e1f9e6aea0098c287592c146bf7772.jpeg","usages":["33892987"],"thumbnail":{"url":"https://assets.nicepagecdn.com/32274704/4948407/images/84e1f9e6aea0098c287592c146bf7772.jpeg","width":800,"height":533}},{"id":"user-image-29947e2c0b2a463e0f57e1da6af8ba07.png","publicUrl":"https://assets.nicepagecdn.com/32274704/4948407/images/29947e2c0b2a463e0f57e1da6af8ba07.png","size":33084,"hash":"fPg7QUtCEdOnyroioQ7y1RJLx2E=","fileName":"29947e2c0b2a463e0f57e1da6af8ba07.png","name":"29947e2c0b2a463e0f57e1da6af8ba07","width":370,"height":282,"originalUrl":"//images01.nicepage.com/29/94/29947e2c0b2a463e0f57e1da6af8ba07.png","usages":["33892987"],"thumbnail":{"url":"https://assets.nicepagecdn.com/32274704/4948407/images/29947e2c0b2a463e0f57e1da6af8ba07.png","width":370,"height":282}},{"id":"user-image-e7c6f0d4fde45a3493ccd370cd10a230.png","publicUrl":"https://assets.nicepagecdn.com/32274704/4948407/images/e7c6f0d4fde45a3493ccd370cd10a230.png","size":37616,"hash":"YMuOE6qEKZDmKNM81KfGfgUnIVg=","fileName":"e7c6f0d4fde45a3493ccd370cd10a230.png","name":"e7c6f0d4fde45a3493ccd370cd10a230","width":361,"height":290,"originalUrl":"//images01.nicepage.com/e7/c6/e7c6f0d4fde45a3493ccd370cd10a230.png","usages":["33892987"],"thumbnail":{"url":"https://assets.nicepagecdn.com/32274704/4948407/images/e7c6f0d4fde45a3493ccd370cd10a230.png","width":361,"height":290}},{"id":"user-image-0cb926c2211201db0bfd05eda81916e3.png","publicUrl":"https://assets.nicepagecdn.com/32274704/4948407/images/0cb926c2211201db0bfd05eda81916e3.png","size":44294,"hash":"z+ZS8mVLiEwVmTmroKgUIPa0vBY=","fileName":"0cb926c2211201db0bfd05eda81916e3.png","name":"0cb926c2211201db0bfd05eda81916e3","width":361,"height":224,"originalUrl":"//images01.nicepage.com/0c/b9/0cb926c2211201db0bfd05eda81916e3.png","usages":["33892987"],"thumbnail":{"url":"https://assets.nicepagecdn.com/32274704/4948407/images/0cb926c2211201db0bfd05eda81916e3.png","width":361,"height":224}},{"id":"user-image-ca3c956e1057b5ce2863c5f0a21c09e3.png","publicUrl":"https://assets.nicepagecdn.com/32274704/4948407/images/ca3c956e1057b5ce2863c5f0a21c09e3.png","size":29603,"hash":"Verag4+imp/2FsnrpLJp/2SUKtA=","fileName":"ca3c956e1057b5ce2863c5f0a21c09e3.png","name":"ca3c956e1057b5ce2863c5f0a21c09e3","width":363,"height":176,"originalUrl":"//images01.nicepage.com/ca/3c/ca3c956e1057b5ce2863c5f0a21c09e3.png","usages":["33892987"],"thumbnail":{"url":"https://assets.nicepagecdn.com/32274704/4948407/images/ca3c956e1057b5ce2863c5f0a21c09e3.png","width":363,"height":176}},{"id":"user-image-63ba8fb238e22d52ced543c07bae7c77.png","publicUrl":"https://assets.nicepagecdn.com/32274704/4948407/images/63ba8fb238e22d52ced543c07bae7c77.png","size":34671,"hash":"8t2S/kNpsQcMWNYQylLEXW3206s=","fileName":"63ba8fb238e22d52ced543c07bae7c77.png","name":"63ba8fb238e22d52ced543c07bae7c77","width":344,"height":209,"originalUrl":"//images01.nicepage.com/63/ba/63ba8fb238e22d52ced543c07bae7c77.png","usages":["33892987"],"thumbnail":{"url":"https://assets.nicepagecdn.com/32274704/4948407/images/63ba8fb238e22d52ced543c07bae7c77.png","width":344,"height":209}},{"id":"user-image-7bf0383c5598d9850df64bba786efc39.png","publicUrl":"https://assets.nicepagecdn.com/32274704/4948407/images/7bf0383c5598d9850df64bba786efc39.png","size":159604,"hash":"6LrKUayDMMgyONVpYRfCFP1jhZg=","fileName":"7bf0383c5598d9850df64bba786efc39.png","name":"7bf0383c5598d9850df64bba786efc39","width":359,"height":348,"originalUrl":"//images01.nicepage.com/7b/f0/7bf0383c5598d9850df64bba786efc39.png","usages":["33892987"],"thumbnail":{"url":"https://assets.nicepagecdn.com/32274704/4948407/images/7bf0383c5598d9850df64bba786efc39.png","width":359,"height":348}},{"id":"user-image-03ae8e6a8a3950fe22242f99673462fe.png","publicUrl":"https://assets.nicepagecdn.com/32274704/4948407/images/03ae8e6a8a3950fe22242f99673462fe.png","size":199944,"hash":"1KOo47o0iDicEIJnyXiS9rZGk50=","fileName":"03ae8e6a8a3950fe22242f99673462fe.png","name":"03ae8e6a8a3950fe22242f99673462fe","width":357,"height":348,"originalUrl":"//images01.nicepage.com/03/ae/03ae8e6a8a3950fe22242f99673462fe.png","usages":["33892987"],"thumbnail":{"url":"https://assets.nicepagecdn.com/32274704/4948407/images/03ae8e6a8a3950fe22242f99673462fe.png","width":357,"height":348}},{"id":"user-image-ecc5fe515df573192576d5ae9d32d8b1.png","publicUrl":"https://assets.nicepagecdn.com/32274704/4948407/images/ecc5fe515df573192576d5ae9d32d8b1.png","size":171440,"hash":"Pr0HN2HrAD/EZaX++o8MJiqFT/M=","fileName":"ecc5fe515df573192576d5ae9d32d8b1.png","name":"ecc5fe515df573192576d5ae9d32d8b1","width":358,"height":346,"originalUrl":"//images01.nicepage.com/ec/c5/ecc5fe515df573192576d5ae9d32d8b1.png","usages":["33892987"],"thumbnail":{"url":"https://assets.nicepagecdn.com/32274704/4948407/images/ecc5fe515df573192576d5ae9d32d8b1.png","width":358,"height":346}},{"id":"user-image-e462091cf912436a90adc4d7b63abe95.jpeg","publicUrl":"https://assets.nicepagecdn.com/32274704/4948407/images/e462091cf912436a90adc4d7b63abe95.jpeg","size":190988,"hash":"Wj9/PywvQaJN5nCIzq3v5RiEFGc=","fileName":"e462091cf912436a90adc4d7b63abe95.jpeg","name":"e462091cf912436a90adc4d7b63abe95","width":800,"height":530,"originalUrl":"//images01.nicepage.com/e4/62/e462091cf912436a90adc4d7b63abe95.jpeg","usages":["33892987"],"thumbnail":{"url":"https://assets.nicepagecdn.com/32274704/4948407/images/e462091cf912436a90adc4d7b63abe95.jpeg","width":800,"height":530}},{"id":"user-image-2542a158519f34d1eee5f4e729855d23.jpeg","publicUrl":"https://assets.nicepagecdn.com/32274704/4948407/images/2542a158519f34d1eee5f4e729855d23.jpeg","size":74517,"hash":"p9llLl0kgcSL/5LmAPB/PsE0224=","fileName":"2542a158519f34d1eee5f4e729855d23.jpeg","name":"2542a158519f34d1eee5f4e729855d23","width":800,"height":533,"originalUrl":"//images01.nicepage.com/25/42/2542a158519f34d1eee5f4e729855d23.jpeg","usages":["33892987"],"thumbnail":{"url":"https://assets.nicepagecdn.com/32274704/4948407/images/2542a158519f34d1eee5f4e729855d23.jpeg","width":800,"height":533}},{"id":"user-image-b849982483b1530a9fd884c7d6b73330.png","publicUrl":"https://assets.nicepagecdn.com/32274704/4948407/images/b849982483b1530a9fd884c7d6b73330.png","size":29028,"hash":"73wTjLS35YqOuXQXaTskV7UIpG4=","fileName":"b849982483b1530a9fd884c7d6b73330.png","name":"b849982483b1530a9fd884c7d6b73330","width":500,"height":194,"originalUrl":"//images01.nicepage.com/b8/49/b849982483b1530a9fd884c7d6b73330.png","usages":["33892987"],"thumbnail":{"url":"https://assets.nicepagecdn.com/32274704/4948407/images/b849982483b1530a9fd884c7d6b73330.png","width":500,"height":194}},{"id":"user-image-af2df946b8cbfed0d38584420cc64a92.jpeg","publicUrl":"https://assets.nicepagecdn.com/32274704/4948407/images/af2df946b8cbfed0d38584420cc64a92.jpeg","size":184020,"hash":"m2bDqdh9gnu/1osSvR85QvxJvsA=","fileName":"af2df946b8cbfed0d38584420cc64a92.jpeg","name":"af2df946b8cbfed0d38584420cc64a92","width":800,"height":533,"originalUrl":"//images01.nicepage.com/af/2d/af2df946b8cbfed0d38584420cc64a92.jpeg","usages":["33892987"],"thumbnail":{"url":"https://assets.nicepagecdn.com/32274704/4948407/images/af2df946b8cbfed0d38584420cc64a92.jpeg","width":800,"height":533}},{"id":"user-image-6838e75dc102cdc8d7af29ae16aa9519.jpeg","publicUrl":"https://assets.nicepagecdn.com/32274704/4948407/images/6838e75dc102cdc8d7af29ae16aa9519.jpeg","size":147569,"hash":"6ytIJBxmcFf3bfmQtFu+vWfH4Q0=","fileName":"6838e75dc102cdc8d7af29ae16aa9519.jpeg","name":"6838e75dc102cdc8d7af29ae16aa9519","width":800,"height":530,"originalUrl":"//images01.nicepage.com/68/38/6838e75dc102cdc8d7af29ae16aa9519.jpeg","usages":["33892987"],"thumbnail":{"url":"https://assets.nicepagecdn.com/32274704/4948407/images/6838e75dc102cdc8d7af29ae16aa9519.jpeg","width":800,"height":530}},{"id":"user-image-96387484e0dbd5226be1f81a6e34e30a.png","publicUrl":"https://assets.nicepagecdn.com/32274704/4948407/images/96387484e0dbd5226be1f81a6e34e30a.png","size":23631,"hash":"gntdmm/SeDF7yI1sHVyUs/DxT/k=","fileName":"96387484e0dbd5226be1f81a6e34e30a.png","name":"96387484e0dbd5226be1f81a6e34e30a","width":405,"height":108,"originalUrl":"//images01.nicepage.com/96/38/96387484e0dbd5226be1f81a6e34e30a.png","usages":[],"thumbnail":{"url":"https://assets.nicepagecdn.com/32274704/4948407/images/96387484e0dbd5226be1f81a6e34e30a.png","width":405,"height":108}},{"id":"user-image-ventas.jpg","publicUrl":"https://assets.nicepagecdn.com/32274704/4948407/images/ventas.jpg","size":25933,"hash":"HMo9ZR5tNH2Jk/MmW8ovt1MY9F4=","fileName":"ventas.jpg","name":"ventas","width":331,"height":345,"usages":["33892987","4948417"],"thumbnail":{"url":"https://assets.nicepagecdn.com/32274704/4948407/images/ventas.jpg","width":331,"height":345}},{"id":"user-image-istockphoto-1161415214-612x612.jpg","publicUrl":"https://assets.nicepagecdn.com/32274704/4948407/images/istockphoto-1161415214-612x612.jpg","size":15709,"hash":"AhH3PaY35EhPKDE0gpBPOMGkKAs=","fileName":"istockphoto-1161415214-612x612.jpg","name":"istockphoto-1161415214-612x612","width":612,"height":612,"usages":["33892987","4948417"],"thumbnail":{"url":"https://assets.nicepagecdn.com/32274704/4948407/images/istockphoto-1161415214-612x612.jpg","width":612,"height":612}},{"id":"user-image-Imagen_Blog_BIT_1600x478px_2101191.webp","publicUrl":"https://assets.nicepagecdn.com/32274704/4948407/images/Imagen_Blog_BIT_1600x478px_2101191.webp","size":66888,"hash":"isPh1VaSh/e1jDAkjKDVZtcAPwU=","fileName":"Imagen_Blog_BIT_1600x478px_2101191.webp","name":"Imagen_Blog_BIT_1600x478px_2101191","width":1600,"height":478,"usages":["33892987","4948417"],"thumbnail":{"url":"https://assets.nicepagecdn.com/32274704/4948407/images/Imagen_Blog_BIT_1600x478px_2101191.webp","width":1600,"height":478}},{"id":"user-image-image.png","publicUrl":"https://assets.nicepagecdn.com/32274704/4948407/images/image.png","size":61330,"hash":"nfQtqOYMerytwtoRJVHVW+QH6DE=","fileName":"image.png","name":"image","width":355,"height":341,"usages":["33892987","4948417"],"thumbnail":{"url":"https://assets.nicepagecdn.com/32274704/4948407/images/image.png","width":355,"height":341}},{"id":"user-image-image1.png","publicUrl":"https://assets.nicepagecdn.com/32274704/4948407/images/image1.png","size":84767,"hash":"la5rEXf3R+/NnLoJJ5zR1PlDLp0=","fileName":"image1.png","name":"image1","width":369,"height":356,"usages":["33892987","4948417"],"thumbnail":{"url":"https://assets.nicepagecdn.com/32274704/4948407/images/image1.png","width":369,"height":356}},{"id":"user-image-image2.png","publicUrl":"https://assets.nicepagecdn.com/32274704/4948407/images/image2.png","size":104679,"hash":"YexS3SvUmpqFV4yHZT7Tu0lrnfQ=","fileName":"image2.png","name":"image2","width":505,"height":316,"usages":["33892987","4948417"],"thumbnail":{"url":"https://assets.nicepagecdn.com/32274704/4948407/images/image2.png","width":505,"height":316}},{"id":"user-image-image3.png","publicUrl":"https://assets.nicepagecdn.com/32274704/4948407/images/image3.png","size":119887,"hash":"dOwEPNMQCbezVFE+MYA7V3LUpEE=","fileName":"image3.png","name":"image3","width":357,"height":346,"usages":["33892987"],"thumbnail":{"url":"https://assets.nicepagecdn.com/32274704/4948407/images/image3.png","width":357,"height":346}},{"id":"user-image-54.jpg","fileName":"54.jpg","name":"54","publicUrl":"https://assets.nicepagecdn.com/32274704/4948407/images/54.jpg","size":72303,"hash":"r3fz9rltyMPy29pw/x9EBOrf3SQ=","width":707,"height":487,"folderId":null,"thumbnail":{"url":"https://assets.nicepagecdn.com/32274704/4948407/images/thumbnails/54.jpg","width":150,"height":103},"usages":["4948417"]},{"id":"user-image-56.png","fileName":"56.png","name":"56","publicUrl":"https://assets.nicepagecdn.com/32274704/4948407/images/56.png","size":7799,"hash":"4xTTxs0pCKWvqWqGRg0xXPuO3zc=","width":715,"height":177,"folderId":null,"thumbnail":{"url":"https://assets.nicepagecdn.com/32274704/4948407/images/thumbnails/56.png","width":150,"height":37},"usages":["4948417"]},{"id":"user-image-57.jpg","fileName":"57.jpg","name":"57","publicUrl":"https://assets.nicepagecdn.com/32274704/4948407/images/57.jpg","size":56125,"hash":"ckYLVXi2x6YFIQSQD0vv8DwdcZY=","width":797,"height":427,"folderId":null,"thumbnail":{"url":"https://assets.nicepagecdn.com/32274704/4948407/images/thumbnails/57.jpg","width":150,"height":80},"usages":["4948417"]},{"id":"user-image-58.jpg","fileName":"58.jpg","name":"58","publicUrl":"https://assets.nicepagecdn.com/32274704/4948407/images/58.jpg","size":116640,"hash":"zqEMVQRBJsFb19r4da0L1orluss=","width":963,"height":531,"folderId":null,"thumbnail":{"url":"https://assets.nicepagecdn.com/32274704/4948407/images/thumbnails/58.jpg","width":150,"height":83},"usages":["4948417"]},{"id":"user-image-60.jpg","fileName":"60.jpg","name":"60","publicUrl":"https://assets.nicepagecdn.com/32274704/4948407/images/60.jpg","size":55514,"hash":"JytkXe/ovJohZIbBZE1brK7rLYg=","width":943,"height":389,"folderId":null,"thumbnail":{"url":"https://assets.nicepagecdn.com/32274704/4948407/images/thumbnails/60.jpg","width":150,"height":62},"usages":["4948417"]}]