{"id":4948407,"items":[{"id":4948408,"status":2,"title":"Blog Template","order":0,"templateKey":"blog","pageLinks":[]},{"id":4948409,"status":2,"title":"Post Template","order":0,"templateKey":"post","pageLinks":[]},{"id":4948410,"status":2,"title":"Product List Template","order":0,"templateKey":"products","pageLinks":[]},{"id":4948411,"status":2,"title":"Product Details Template","order":0,"templateKey":"product","pageLinks":[]},{"id":4948412,"status":2,"title":"Shopping Cart Template","order":0,"templateKey":"cart","pageLinks":[]},{"id":4948413,"status":2,"title":"Checkout Template","order":0,"templateKey":"checkout","pageLinks":[]},{"id":4948414,"status":2,"title":"Login Template","order":0,"templateKey":"login","pageLinks":[]},{"id":4948415,"status":2,"title":"Page Password Template","order":0,"templateKey":"password","pageLinks":[]},{"id":4948416,"status":2,"title":"404 Not Found Template","order":0,"templateKey":"404","pageLinks":[]},{"id":4948417,"status":2,"title":"Casa","order":0,"templateKey":null,"pageLinks":[]},{"id":4948418,"status":2,"title":"Acerca de","order":0,"templateKey":null,"pageLinks":[]},{"id":4948419,"status":2,"title":"Contacto","order":0,"templateKey":null,"pageLinks":[]}],"metaTags":null,"order":"0","headHtml":null,"customCss":null,"headerHtml":"<section class=\"u-clearfix u-grey-90 u-header u-block-bfdf-1\" custom-posts-hash=\"[]\" data-style=\"header-menu-line-logo\" data-post-id=\"1228154590\" data-section-properties=\"{&quot;grid-spacing&quot;:&quot;0&quot;,&quot;align&quot;:&quot;center&quot;,&quot;stretch&quot;:true}\" data-id=\"bfdf\" id=\"sec-d37b\">\n  <style data-mode=\"XL\" data-visited=\"true\">@media (min-width: 1200px){ .u-block-bfdf-1 {background-image: none}\n.u-block-bfdf-2 {min-height: 87px; position: relative}\n.u-block-bfdf-3 {margin-top: 27px; margin-right: 0px; margin-bottom: 0px; margin-left: auto}\n.u-block-bfdf-4 {font-weight: 700; font-size: 0.875rem}\n.u-block-bfdf-8 {font-size: 1.25rem}\n.u-block-bfdf-9 {width: 0px; height: 0px; margin-top: -32px; margin-right: auto; margin-bottom: 10px; margin-left: 0px}\n.u-block-bfdf-10 {width: 100%; height: 100%} }</style>\n  <style data-mode=\"LG\" data-visited=\"true\">@media (max-width: 1199px) and (min-width: 992px){ .u-block-bfdf-1 {background-image: none}\n.u-block-bfdf-2 {min-height: 87px; position: relative}\n.u-block-bfdf-3 {position: relative; margin-top: 27px; margin-right: 0px; margin-bottom: 0px; margin-left: auto}\n.u-block-bfdf-4 {font-weight: 700; font-size: 0.875rem}\n.u-block-bfdf-8 {font-size: 1.25rem}\n.u-block-bfdf-9 {position: relative; margin-top: -32px; margin-right: auto; margin-bottom: 10px; margin-left: 0px; width: 0px; height: 0px}\n.u-block-bfdf-10 {width: 100%; height: 100%} }</style>\n  <style data-mode=\"MD\" data-visited=\"true\">@media (max-width: 991px) and (min-width: 768px){ .u-block-bfdf-1 {background-image: none}\n.u-block-bfdf-2 {min-height: 87px; position: relative}\n.u-block-bfdf-3 {position: relative; margin-top: 27px; margin-right: 0px; margin-bottom: 0px; margin-left: auto}\n.u-block-bfdf-4 {font-weight: 700; font-size: 0.875rem}\n.u-block-bfdf-8 {font-size: 1.25rem}\n.u-block-bfdf-9 {position: relative; margin-top: -32px; margin-right: auto; margin-bottom: 10px; margin-left: 0px; width: 0px; height: 0px}\n.u-block-bfdf-10 {width: 100%; height: 100%} }</style>\n  <style data-mode=\"SM\" data-visited=\"true\">@media (max-width: 767px) and (min-width: 576px){ .u-block-bfdf-1 {background-image: none}\n.u-block-bfdf-2 {min-height: 87px; position: relative}\n.u-block-bfdf-3 {position: relative; margin-top: 27px; margin-left: auto; margin-right: 0px; margin-bottom: 0px}\n.u-block-bfdf-4 {font-weight: 700; font-size: 0.875rem}\n.u-block-bfdf-8 {font-size: 1.25rem}\n.u-block-bfdf-9 {position: relative; margin-top: -32px; margin-right: auto; margin-bottom: 10px; margin-left: 0px; width: 0px; height: 0px}\n.u-block-bfdf-10 {width: 100%; height: 100%} }</style>\n  <style data-mode=\"XS\" data-visited=\"true\">@media (max-width: 575px){ .u-block-bfdf-1 {background-image: none}\n.u-block-bfdf-2 {min-height: 87px; position: relative}\n.u-block-bfdf-3 {position: relative; margin-top: 27px; margin-left: auto; margin-right: 0px; margin-bottom: 0px}\n.u-block-bfdf-4 {font-weight: 700; font-size: 0.875rem}\n.u-block-bfdf-8 {font-size: 1.25rem}\n.u-block-bfdf-9 {position: relative; margin-top: -32px; margin-right: auto; margin-bottom: 10px; margin-left: 0px; width: 0px; height: 0px}\n.u-block-bfdf-10 {width: 100%; height: 100%} }</style>\n  <div class=\"u-clearfix u-sheet u-block-bfdf-2\">\n    \n    \n  <nav class=\"u-align-left u-menu u-menu-dropdown u-offcanvas u-block-bfdf-3\">\n      <div class=\"menu-collapse\" style=\"font-weight: 700; font-size: 0.875rem;\">\n        <a class=\"u-btn-text u-button-style u-nav-link u-text-palette-4-base\" href=\"#\"><svg class=\"u-svg-link\" viewBox=\"0 0 24 24\"><use xmlns:xlink=\"http://www.w3.org/1999/xlink\" xlink:href=\"#menu-hamburger\"></use></svg><svg class=\"u-svg-content\" version=\"1.1\" id=\"menu-hamburger\" viewBox=\"0 0 16 16\" x=\"0px\" y=\"0px\" xmlns:xlink=\"http://www.w3.org/1999/xlink\" xmlns=\"http://www.w3.org/2000/svg\">    <g>        <rect y=\"1\" width=\"16\" height=\"2\"></rect>        <rect y=\"7\" width=\"16\" height=\"2\"></rect>        <rect y=\"13\" width=\"16\" height=\"2\"></rect>    </g></svg></a>\n      </div>\n      <div class=\"u-nav-container\">\n        <ul class=\"u-nav u-spacing-4 u-unstyled u-block-bfdf-4\">\n          \n        <li class=\"u-nav-item\">\n            <a class=\"u-bold u-btn-text u-button-style u-nav-link u-text-palette-4-base\" href=\"/Casa.html\" data-page-id=\"4948417\">Casa</a>\n          <div class=\"fake u-nav-popup u-block-bfdf-11\">               <ul class=\"u-nav u-unstyled u-block-bfdf-5\"><li class=\"u-nav-item\"><a class=\"u-btn-text u-button-style u-nav-link\">Menu Item 1</a></li><li class=\"u-nav-item\"><a class=\"u-btn-text u-button-style u-nav-link\">Menu Item 2</a></li><li class=\"u-nav-item\"><a class=\"u-btn-text u-button-style u-nav-link\">Menu Item 3</a></li>               </ul>           </div></li><li class=\"u-nav-item\">\n            <a class=\"u-bold u-btn-text u-button-style u-nav-link u-text-palette-4-base\" href=\"/Acerca-de.html\" data-page-id=\"4948418\">Acerca de</a>\n          </li><li class=\"u-nav-item\">\n            <a class=\"u-bold u-btn-text u-button-style u-nav-link u-text-palette-4-base\" href=\"/Contacto.html\" data-page-id=\"4948419\">Contacto</a>\n          </li></ul>\n      </div>\n      <div class=\"u-nav-container-collapse\">\n        <div class=\"u-align-center u-black u-container-style u-inner-container-layout u-opacity u-opacity-95 u-sidenav u-block-bfdf-6\"><div class=\"u-inner-container-layout u-sidenav-overflow\">\n          <div class=\"u-menu-close u-block-bfdf-7\"></div>\n          <ul class=\"u-align-center u-nav u-popupmenu-items u-unstyled u-block-bfdf-8\">\n            \n          <li class=\"u-nav-item\">\n              <a class=\"u-bold u-btn-text u-button-style u-nav-link\" href=\"/Casa.html\" data-page-id=\"4948417\">Casa</a>\n            </li><li class=\"u-nav-item\">\n              <a class=\"u-bold u-btn-text u-button-style u-nav-link\" href=\"/Acerca-de.html\" data-page-id=\"4948418\">Acerca de</a>\n            </li><li class=\"u-nav-item\">\n              <a class=\"u-bold u-btn-text u-button-style u-nav-link\" href=\"/Contacto.html\" data-page-id=\"4948419\">Contacto</a>\n            </li></ul>\n        </div></div>\n        <div class=\"u-black u-menu-overlay u-opacity u-opacity-70\"></div>\n      </div>\n    </nav><a href=\"#\" class=\"u-image u-logo u-block-bfdf-9\" src=\"\" data-brightness=\"\">\n      <img src=\"np://user.desktop.nicepage.com/Site_4948407/images/96387484e0dbd5226be1f81a6e34e30a.png\" class=\"u-logo-image u-block-bfdf-10\">\n    </a></div>\n  \n</section>","footerHtml":"<section class=\"u-clearfix u-footer u-grey-80 u-block-c804-1\" custom-posts-hash=\"[T,T,T,[]]\" data-style=\"footer-4-cols-1\" data-post-id=\"3683389990;3683389990;3683389990\" data-section-properties=\"{&quot;grid-spacing&quot;:&quot;30&quot;,&quot;spacingAdditional&quot;:&quot;none&quot;,&quot;align&quot;:&quot;&quot;,&quot;stretch&quot;:true}\" data-id=\"c804\" id=\"sec-92ad\">\n  <div class=\"u-clearfix u-sheet u-block-c804-2\">\n    <div class=\"u-clearfix u-expanded-width u-gutter-30 u-layout-wrap u-block-c804-3\">\n      <div class=\"u-gutter-0 u-layout\">\n        <div class=\"u-layout-row\">\n          <div class=\"u-align-center-sm u-align-center-xs u-container-style u-layout-cell u-left-cell u-similar-fill u-size-15 u-size-30-md u-block-c804-4\" data-behind-elements=\"[{':section':0}]\">\n            <div class=\"u-container-layout u-valign-top u-block-c804-5\">\n              <h3 class=\"u-text u-block-c804-6\">Headline</h3>\n              <p class=\"u-align-left-lg u-align-left-md u-small-text u-text u-block-c804-7\">Sample footer text</p>\n            </div>\n          </div>\n          <div class=\"u-align-center-sm u-align-center-xs u-container-style u-layout-cell u-similar-fill u-size-15 u-size-30-md u-block-c804-8\" data-behind-elements=\"[{':section':0}]\">\n            <div class=\"u-container-layout u-valign-top u-block-c804-9\">\n              <h3 class=\"u-text u-block-c804-10\">Headline</h3>\n              <p class=\"u-align-left-lg u-align-left-md u-small-text u-text u-block-c804-11\">Sample footer text</p>\n            </div>\n          </div>\n          <div class=\"u-align-center-sm u-align-center-xs u-container-style u-layout-cell u-similar-fill u-size-15 u-size-30-md u-block-c804-12\" data-behind-elements=\"[{':section':0}]\">\n            <div class=\"u-container-layout u-valign-top u-block-c804-13\">\n              <h3 class=\"u-text u-block-c804-14\">Headline</h3>\n              <p class=\"u-align-left-lg u-align-left-md u-small-text u-text u-block-c804-15\">Sample footer text</p>\n            </div>\n          </div>\n          <div class=\"u-align-center-sm u-container-style u-layout-cell u-right-cell u-similar-fill u-size-15 u-size-30-md u-block-c804-16\" data-behind-elements=\"[{':section':0}]\">\n            <div class=\"u-container-layout u-block-c804-17\">\n              <a href=\"#\" class=\"u-image u-logo u-block-c804-18\" src=\"\" data-brightness=\"\">\n                <img src=\"#\" class=\"u-logo-image u-block-c804-19\">\n              </a>\n            </div>\n          </div>\n        </div>\n      </div>\n    </div>\n  </div>\n  <style data-mode=\"XL\" data-visited=\"true\">@media (min-width: 1200px){ .u-block-c804-2 {min-height: 202px}\n.u-block-c804-3 {margin-top: 52px; margin-bottom: 52px; margin-left: 0px; margin-right: 0px}\n.u-block-c804-4 {min-height: 141px}\n.u-block-c804-5 {padding-left: 30px; padding-right: 30px}\n.u-block-c804-6 {margin-top: 10px; margin-left: 0px; margin-right: 0px; margin-bottom: 0px}\n.u-block-c804-7 {margin-top: 20px; margin-bottom: 20px; margin-left: 0px; margin-right: 0px}\n.u-block-c804-8 {min-height: 141px}\n.u-block-c804-9 {padding-left: 30px; padding-right: 30px}\n.u-block-c804-10 {margin-top: 10px; margin-left: 0px; margin-right: 0px; margin-bottom: 0px}\n.u-block-c804-11 {margin-top: 20px; margin-bottom: 20px; margin-left: 0px; margin-right: 0px}\n.u-block-c804-12 {min-height: 141px}\n.u-block-c804-13 {padding-left: 30px; padding-right: 30px}\n.u-block-c804-14 {margin-top: 10px; margin-left: 0px; margin-right: 0px; margin-bottom: 0px}\n.u-block-c804-15 {margin-top: 20px; margin-bottom: 20px; margin-left: 0px; margin-right: 0px}\n.u-block-c804-16 {min-height: 141px}\n.u-block-c804-17 {padding-left: 30px; padding-right: 30px}\n.u-block-c804-18 {margin-top: 27.5px; margin-right: 0px; margin-bottom: 27.5px; margin-left: auto}\n.u-block-c804-19 {max-width: 111px; max-height: 111px} }</style>\n  <style data-mode=\"LG\" data-visited=\"true\">@media (max-width: 1199px) and (min-width: 992px){ .u-block-c804-2 {min-height: 202px}\n.u-block-c804-3 {position: relative; margin-top: 52px; margin-bottom: 52px}\n.u-block-c804-4 {min-height: 141px}\n.u-block-c804-5 {padding-left: 24.7369px; padding-right: 24.7369px}\n.u-block-c804-6 {margin-top: 10px; margin-left: 0px; margin-right: 0px; margin-bottom: 0px}\n.u-block-c804-7 {margin-top: 20px; margin-bottom: 20px; margin-left: 0px; margin-right: 0px}\n.u-block-c804-8 {min-height: 141px}\n.u-block-c804-9 {padding-left: 24.7369px; padding-right: 24.7369px}\n.u-block-c804-10 {margin-top: 10px; margin-left: 0px; margin-right: 0px; margin-bottom: 0px}\n.u-block-c804-11 {margin-top: 20px; margin-bottom: 20px; margin-left: 0px; margin-right: 0px}\n.u-block-c804-12 {min-height: 141px}\n.u-block-c804-13 {padding-left: 24.7369px; padding-right: 24.7369px}\n.u-block-c804-14 {margin-top: 10px; margin-left: 0px; margin-right: 0px; margin-bottom: 0px}\n.u-block-c804-15 {margin-top: 20px; margin-bottom: 20px; margin-left: 0px; margin-right: 0px}\n.u-block-c804-16 {min-height: 141px}\n.u-block-c804-17 {padding-left: 24.7369px; padding-right: 24.7369px}\n.u-block-c804-18 {position: relative; margin-top: 27.5px; margin-right: 0px; margin-bottom: 27.5px; margin-left: auto}\n.u-block-c804-19 {max-width: 111px; max-height: 111px} }</style>\n  <style data-mode=\"MD\" data-visited=\"true\">@media (max-width: 991px) and (min-width: 768px){ .u-block-c804-2 {min-height: 202px}\n.u-block-c804-3 {position: relative; margin-top: 52px; margin-bottom: 52px}\n.u-block-c804-4 {min-height: 141px}\n.u-block-c804-5 {padding-left: 18.9474px; padding-right: 18.9474px}\n.u-block-c804-6 {margin-top: 10px; margin-left: 0px; margin-right: 0px; margin-bottom: 0px}\n.u-block-c804-7 {margin-top: 20px; margin-bottom: 20px; margin-left: 0px; margin-right: 0px}\n.u-block-c804-8 {min-height: 141px}\n.u-block-c804-9 {padding-left: 18.9474px; padding-right: 18.9474px}\n.u-block-c804-10 {margin-top: 10px; margin-left: 0px; margin-right: 0px; margin-bottom: 0px}\n.u-block-c804-11 {margin-top: 20px; margin-bottom: 20px; margin-left: 0px; margin-right: 0px}\n.u-block-c804-12 {min-height: 141px}\n.u-block-c804-13 {padding-left: 18.9474px; padding-right: 18.9474px}\n.u-block-c804-14 {margin-top: 10px; margin-left: 0px; margin-right: 0px; margin-bottom: 0px}\n.u-block-c804-15 {margin-top: 20px; margin-bottom: 20px; margin-left: 0px; margin-right: 0px}\n.u-block-c804-16 {min-height: 178px}\n.u-block-c804-17 {padding-left: 18.9474px; padding-right: 18.9474px}\n.u-block-c804-18 {position: relative; margin-top: 27.5px; margin-right: 0px; margin-bottom: 27.5px; margin-left: auto}\n.u-block-c804-19 {max-width: 111px; max-height: 111px} }</style>\n  <style data-mode=\"SM\" data-visited=\"true\">@media (max-width: 767px) and (min-width: 576px){ .u-block-c804-2 {min-height: 202px}\n.u-block-c804-3 {position: relative; margin-top: 52px; margin-bottom: 52px}\n.u-block-c804-4 {min-height: 141px}\n.u-block-c804-5 {padding-left: 14.2106px; padding-right: 14.2106px}\n.u-block-c804-6 {margin-top: 10px; margin-left: 0px; margin-right: 0px; margin-bottom: 0px}\n.u-block-c804-7 {margin-top: 20px; margin-bottom: 20px; margin-left: 0px; margin-right: 0px}\n.u-block-c804-8 {min-height: 141px}\n.u-block-c804-9 {padding-left: 14.2106px; padding-right: 14.2106px}\n.u-block-c804-10 {margin-top: 10px; margin-left: 0px; margin-right: 0px; margin-bottom: 0px}\n.u-block-c804-11 {margin-top: 20px; margin-bottom: 20px; margin-left: 0px; margin-right: 0px}\n.u-block-c804-12 {min-height: 141px}\n.u-block-c804-13 {padding-left: 14.2106px; padding-right: 14.2106px}\n.u-block-c804-14 {margin-top: 10px; margin-left: 0px; margin-right: 0px; margin-bottom: 0px}\n.u-block-c804-15 {margin-top: 20px; margin-bottom: 20px; margin-left: 0px; margin-right: 0px}\n.u-block-c804-16 {min-height: 267px}\n.u-block-c804-17 {padding-left: 14.2106px; padding-right: 14.2106px}\n.u-block-c804-18 {position: relative; margin-top: 27.5px; margin-right: 0px; margin-bottom: 27.5px; margin-left: auto}\n.u-block-c804-19 {max-width: 111px; max-height: 111px} }</style>\n  <style data-mode=\"XS\" data-visited=\"true\">@media (max-width: 575px){ .u-block-c804-2 {min-height: 202px}\n.u-block-c804-3 {position: relative; margin-top: 52px; margin-bottom: 52px}\n.u-block-c804-4 {min-height: 141px}\n.u-block-c804-5 {padding-left: 8.9474px; padding-right: 8.9474px}\n.u-block-c804-6 {margin-top: 10px; margin-left: 0px; margin-right: 0px; margin-bottom: 0px}\n.u-block-c804-7 {margin-top: 20px; margin-bottom: 20px; margin-left: 0px; margin-right: 0px}\n.u-block-c804-8 {min-height: 141px}\n.u-block-c804-9 {padding-left: 8.9474px; padding-right: 8.9474px}\n.u-block-c804-10 {margin-top: 10px; margin-left: 0px; margin-right: 0px; margin-bottom: 0px}\n.u-block-c804-11 {margin-top: 20px; margin-bottom: 20px; margin-left: 0px; margin-right: 0px}\n.u-block-c804-12 {min-height: 141px}\n.u-block-c804-13 {padding-left: 8.9474px; padding-right: 8.9474px}\n.u-block-c804-14 {margin-top: 10px; margin-left: 0px; margin-right: 0px; margin-bottom: 0px}\n.u-block-c804-15 {margin-top: 20px; margin-bottom: 20px; margin-left: 0px; margin-right: 0px}\n.u-block-c804-16 {min-height: 168px}\n.u-block-c804-17 {padding-left: 8.9474px; padding-right: 8.9474px}\n.u-block-c804-18 {position: relative; margin-top: 27.5px; margin-right: 0px; margin-bottom: 27.5px; margin-left: auto}\n.u-block-c804-19 {max-width: 111px; max-height: 111px} }</style>\n</section>","hideBacklink":null,"homePageId":4948417,"dateUpdated":1684556966057,"settings":"{\"id\":4948407,\"domain\":\"\",\"homePageId\":4948417,\"cookiesSection\":\"<section class=\\\"u-align-center u-block-30d4-1 u-clearfix u-cookies-consent u-grey-80\\\" custom-posts-hash=\\\"T\\\" style=\\\"background-image: none\\\" data-post-id=\\\"1\\\" data-section-properties=\\\"{&quot;stretch&quot;:true}\\\" data-id=\\\"30d4\\\" data-posts-content=\\\"[{'images':[],'maps':[],'videos':[],'icons':[],'textWidth':874,'textHeight':152,'id':1,'headingProp':'h3','textProp':'text'}]\\\" data-style=\\\"cookie-1\\\" id=\\\"sec-b624\\\" data-source=\\\"\\\">\\n  <div class=\\\"u-block-30d4-2 u-clearfix u-sheet u-valign-middle\\\" style=\\\"min-height: 212px\\\" data-state=\\\"{&quot;margin-top&quot;:{&quot;shouldApplyDefaultMargins&quot;:{&quot;XL&quot;:false,&quot;LG&quot;:false,&quot;MD&quot;:false,&quot;SM&quot;:false,&quot;XS&quot;:false},&quot;parentVerticalAlign&quot;:{&quot;XL&quot;:&quot;middle&quot;,&quot;LG&quot;:&quot;middle&quot;,&quot;MD&quot;:&quot;middle&quot;,&quot;SM&quot;:&quot;middle&quot;,&quot;XS&quot;:&quot;middle&quot;}},&quot;margin-bottom&quot;:{&quot;shouldApplyDefaultMargins&quot;:{&quot;XL&quot;:false,&quot;LG&quot;:false,&quot;MD&quot;:false,&quot;SM&quot;:false,&quot;XS&quot;:false},&quot;parentVerticalAlign&quot;:{&quot;XL&quot;:&quot;middle&quot;,&quot;LG&quot;:&quot;middle&quot;,&quot;MD&quot;:&quot;middle&quot;,&quot;SM&quot;:&quot;middle&quot;,&quot;XS&quot;:&quot;middle&quot;}}}\\\" data-height-lg=\\\"158\\\" data-height-md=\\\"131\\\" data-height-sm=\\\"106\\\" data-height-xs=\\\"225\\\">\\n    <div class=\\\"u-block-30d4-7 u-clearfix u-expanded-width u-layout-wrap\\\" style=\\\"margin-top: 30px; margin-bottom: 30px\\\" data-state=\\\"{&quot;margin-top&quot;:{&quot;shouldApplyDefaultMargins&quot;:{&quot;XL&quot;:false,&quot;LG&quot;:false,&quot;MD&quot;:false,&quot;SM&quot;:true,&quot;XS&quot;:true},&quot;parentVerticalAlign&quot;:{&quot;XL&quot;:&quot;middle&quot;,&quot;LG&quot;:&quot;middle&quot;,&quot;MD&quot;:&quot;middle&quot;,&quot;SM&quot;:&quot;middle&quot;,&quot;XS&quot;:&quot;middle&quot;}},&quot;margin-bottom&quot;:{&quot;shouldApplyDefaultMargins&quot;:{&quot;XL&quot;:false,&quot;LG&quot;:false,&quot;MD&quot;:false,&quot;SM&quot;:true,&quot;XS&quot;:true},&quot;parentVerticalAlign&quot;:{&quot;XL&quot;:&quot;middle&quot;,&quot;LG&quot;:&quot;middle&quot;,&quot;MD&quot;:&quot;middle&quot;,&quot;SM&quot;:&quot;middle&quot;,&quot;XS&quot;:&quot;middle&quot;}}}\\\">\\n      <div class=\\\"u-gutter-0 u-layout\\\">\\n        <div class=\\\"u-layout-row\\\">\\n          <div class=\\\"u-block-30d4-8 u-container-style u-layout-cell u-left-cell u-size-43-md u-size-43-sm u-size-43-xs u-size-46-lg u-size-46-xl\\\" style=\\\"min-height: 152px\\\" data-state=\\\"{&quot;min-height&quot;:{&quot;expandedParent&quot;:{&quot;XL&quot;:true,&quot;LG&quot;:true,&quot;MD&quot;:true,&quot;SM&quot;:true,&quot;XS&quot;:true},&quot;cellMultiplier&quot;:{&quot;XL&quot;:1,&quot;LG&quot;:1,&quot;MD&quot;:0.9347826086956521,&quot;SM&quot;:1.3953488372093024,&quot;XS&quot;:1},&quot;canCollapse&quot;:{&quot;XL&quot;:false,&quot;LG&quot;:false,&quot;MD&quot;:true,&quot;SM&quot;:true,&quot;XS&quot;:true}}}\\\">\\n            <div class=\\\"u-block-30d4-9 u-container-layout u-valign-middle\\\" style=\\\"padding-top: 30px; padding-bottom: 30px; padding-left: 60px; padding-right: 60px\\\" data-state=\\\"{&quot;min-height&quot;:{&quot;canCollapse&quot;:{&quot;XL&quot;:false,&quot;LG&quot;:false,&quot;MD&quot;:false,&quot;SM&quot;:false,&quot;XS&quot;:false}}}\\\">\\n              <h3 class=\\\"u-block-30d4-6 u-text u-text-default\\\" style=\\\"margin-top: 0px; margin-right: 20px; margin-bottom: 0px;\\\">Cookies &amp; Privacy</h3>\\n              <p class=\\\"u-block-30d4-5 u-text u-text-default\\\" style=\\\"margin: 8px 20px 0px 0px;\\\">This website uses cookies to ensure you get the best experience on our website.</p>\\n            </div>\\n          </div>\\n          <div class=\\\"u-align-left u-block-30d4-10 u-container-style u-layout-cell u-right-cell u-size-14-lg u-size-14-xl u-size-17-md u-size-17-sm u-size-17-xs\\\" style=\\\"min-height: 152px\\\" data-state=\\\"{&quot;min-height&quot;:{&quot;expandedParent&quot;:{&quot;XL&quot;:true,&quot;LG&quot;:true,&quot;MD&quot;:true,&quot;SM&quot;:true,&quot;XS&quot;:true},&quot;cellMultiplier&quot;:{&quot;XL&quot;:1,&quot;LG&quot;:1,&quot;MD&quot;:1.2142857142857142,&quot;SM&quot;:3.5294117647058822,&quot;XS&quot;:1},&quot;canCollapse&quot;:{&quot;XL&quot;:false,&quot;LG&quot;:false,&quot;MD&quot;:true,&quot;SM&quot;:true,&quot;XS&quot;:true}}}\\\">\\n            <div class=\\\"u-block-30d4-11 u-container-layout u-valign-middle-lg u-valign-middle-md u-valign-middle-xl u-valign-top-sm u-valign-top-xs\\\" style=\\\"padding-top: 30px; padding-bottom: 30px; padding-left: 30px; padding-right: 30px\\\" data-state=\\\"{&quot;min-height&quot;:{&quot;canCollapse&quot;:{&quot;XL&quot;:false,&quot;LG&quot;:false,&quot;MD&quot;:false,&quot;SM&quot;:false,&quot;XS&quot;:false}}}\\\">\\n              <a href=\\\"###\\\" class=\\\"u-block-30d4-3 u-btn u-button-confirm u-button-style u-palette-1-base\\\" style=\\\"margin-top: 0px; margin-right: auto; margin-bottom: 0px; margin-left: 0px\\\">Confirm</a>\\n            </div>\\n          </div>\\n        </div>\\n      </div>\\n    </div>\\n  </div>\\n  <style data-mode=\\\"XL\\\">@media (max-width: 0px) { .u-block-30d4-1 {background-image: none}\\n.u-block-30d4-2 {min-height: 212px}\\n.u-block-30d4-7 {margin-top: 30px; margin-bottom: 30px}\\n.u-block-30d4-8 {min-height: 152px}\\n.u-block-30d4-9 {padding-top: 30px; padding-bottom: 30px; padding-left: 60px; padding-right: 60px}\\n.u-block-30d4-6 {margin-top: 0px; margin-right: 20px; margin-bottom: 0px}\\n.u-block-30d4-5 {margin-top: 8px; margin-right: 20px; margin-bottom: 0px; margin-left: 0px}\\n.u-block-30d4-10 {min-height: 152px}\\n.u-block-30d4-11 {padding-top: 30px; padding-bottom: 30px; padding-left: 30px; padding-right: 30px}\\n.u-block-30d4-3 {margin-top: 0px; margin-right: auto; margin-bottom: 0px; margin-left: 0px} }</style>\\n  <style data-mode=\\\"LG\\\">@media (max-width: 0px) { .u-block-30d4-1 {background-image: none}\\n.u-block-30d4-2 {min-height: 131px}\\n.u-block-30d4-7 {margin-top: 30px; margin-bottom: 30px}\\n.u-block-30d4-8 {min-height: 125px}\\n.u-block-30d4-9 {padding-top: 30px; padding-bottom: 30px; padding-left: 60px; padding-right: 60px}\\n.u-block-30d4-6 {margin-top: 0px; margin-right: 0px; margin-bottom: 0px}\\n.u-block-30d4-5 {margin-top: 8px; margin-right: 0px; margin-bottom: 0px; margin-left: 0px}\\n.u-block-30d4-10 {min-height: 125px}\\n.u-block-30d4-11 {padding-top: 30px; padding-bottom: 30px; padding-left: 30px; padding-right: 30px}\\n.u-block-30d4-3 {margin-top: 0px; margin-right: auto; margin-bottom: 0px; margin-left: 0px} }</style>\\n  <style data-mode=\\\"MD\\\" data-visited=\\\"true\\\">@media (max-width: 0px) { .u-block-30d4-1 {background-image: none}\\n.u-block-30d4-2 {min-height: 106px}\\n.u-block-30d4-7 {margin-top: 30px; margin-bottom: 30px}\\n.u-block-30d4-8 {min-height: 100px}\\n.u-block-30d4-9 {padding-top: 30px; padding-bottom: 30px; padding-left: 30px; padding-right: 30px}\\n.u-block-30d4-6 {margin-top: 0px; margin-right: 0px; margin-bottom: 0px}\\n.u-block-30d4-5 {margin-top: 8px; margin-right: 0px; margin-bottom: 0px; margin-left: 0px}\\n.u-block-30d4-10 {min-height: 100px}\\n.u-block-30d4-11 {padding-top: 30px; padding-bottom: 30px; padding-left: 30px; padding-right: 30px}\\n.u-block-30d4-3 {margin-top: 0px; margin-right: auto; margin-bottom: 0px; margin-left: 0px} }</style>\\n  <style data-mode=\\\"SM\\\" data-visited=\\\"true\\\">@media (max-width: 0px) { .u-block-30d4-1 {background-image: none}\\n.u-block-30d4-2 {min-height: 225px}\\n.u-block-30d4-7 {margin-top: 30px; margin-bottom: 30px}\\n.u-block-30d4-8 {min-height: 154px}\\n.u-block-30d4-9 {padding-top: 30px; padding-left: 10px; padding-right: 10px; padding-bottom: 20px}\\n.u-block-30d4-6 {margin-top: 0px; margin-right: 0px; margin-bottom: 0px}\\n.u-block-30d4-5 {margin-top: 8px; margin-right: 0px; margin-bottom: 0px; margin-left: 0px}\\n.u-block-30d4-10 {min-height: 65px}\\n.u-block-30d4-11 {padding-top: 10px; padding-bottom: 10px; padding-left: 10px; padding-right: 10px}\\n.u-block-30d4-3 {margin-top: 0px; margin-right: auto; margin-bottom: 0px; margin-left: 0px} }</style>\\n  <style data-mode=\\\"XS\\\" data-visited=\\\"true\\\">@media (max-width: 0px) { .u-block-30d4-1 {background-image: none}\\n.u-block-30d4-2 {min-height: 121px}\\n.u-block-30d4-7 {margin-top: 30px; margin-bottom: 30px}\\n.u-block-30d4-8 {min-height: 100px}\\n.u-block-30d4-9 {padding-top: 30px; padding-bottom: 20px; padding-left: 10px; padding-right: 10px}\\n.u-block-30d4-6 {margin-top: 0px; margin-right: 0px; margin-bottom: 0px}\\n.u-block-30d4-5 {margin-top: 8px; margin-right: 0px; margin-bottom: 0px; margin-left: 0px}\\n.u-block-30d4-10 {min-height: 15px}\\n.u-block-30d4-11 {padding-top: 10px; padding-bottom: 10px; padding-left: 10px; padding-right: 10px}\\n.u-block-30d4-3 {margin-top: 0px; margin-right: auto; margin-bottom: 0px; margin-left: 0px} }</style>\\n</section>\",\"captchaSiteKey\":\"6Lc2HDEiAAAAALpe1yqNarK-BmlyYl_MNPZx7_AB\",\"captchaSecretKey\":\"\",\"colorScheme\":{\"name\":\"custom-color-scheme-1\",\"isDefault\":false,\"bgColor\":\"#1a1a1a\",\"bodyColors\":[\"#111111\",\"#ffffff\"],\"colors\":[\"#834496\",\"#464b8c\",\"#e65c7b\",\"#ffce3e\",\"#fee856\"],\"shadingContrast\":\"body-alt-color\",\"whiteContrast\":\"body-color\",\"bgContrast\":\"body-alt-color\",\"customColors\":[]},\"fontScheme\":{\"name\":\"Roboto-OpenSans\",\"default\":true,\"isDefault\":true,\"fonts\":{\"heading\":\"Roboto, sans-serif\",\"text\":\"Open Sans, sans-serif\",\"accent\":\"Arial, sans-serif\",\"headingTitle\":\"Roboto\",\"textTitle\":\"Open Sans\"}},\"typography\":{\"name\":\"Normal\",\"isDefault\":true,\"title\":{\"font-weight\":\"400\",\"font-size\":4.5,\"line-height\":\"1_1\",\"margin-top\":20,\"margin-bottom\":20,\"SM\":{\"font-size\":3.75},\"XS\":{\"font-size\":3}},\"subtitle\":{\"font-weight\":\"400\",\"font-size\":2.25,\"line-height\":\"1_1\",\"margin-top\":20,\"margin-bottom\":20,\"XS\":{\"font-size\":1.5}},\"h1\":{\"font-weight\":\"400\",\"font-size\":3,\"line-height\":\"1_1\",\"margin-top\":20,\"margin-bottom\":20,\"XS\":{\"font-size\":1.875}},\"h2\":{\"font-weight\":\"400\",\"font-size\":2.25,\"line-height\":\"1_1\",\"margin-top\":20,\"margin-bottom\":20,\"XS\":{\"font-size\":1.5}},\"h3\":{\"font-weight\":\"400\",\"font-size\":1.875,\"line-height\":\"1_2\",\"margin-top\":20,\"margin-bottom\":20,\"XS\":{\"font-size\":1.5}},\"h4\":{\"font-weight\":\"400\",\"font-size\":1.5,\"line-height\":\"1_2\",\"margin-top\":20,\"margin-bottom\":20},\"h5\":{\"font-weight\":\"400\",\"font-size\":1.25,\"line-height\":\"1_2\",\"margin-top\":20,\"margin-bottom\":20},\"h6\":{\"font-weight\":\"400\",\"font-size\":1.125,\"line-height\":\"1_2\",\"margin-top\":20,\"margin-bottom\":20},\"largeText\":{\"font-size\":1.25,\"margin-top\":20,\"margin-bottom\":20},\"smallText\":{\"font-size\":0.875,\"margin-top\":20,\"margin-bottom\":20},\"text\":{\"margin-top\":20,\"margin-bottom\":20},\"hyperlink\":{\"text-color\":\"palette-1-base\"},\"link\":{},\"button\":{\"color\":\"palette-1-base\",\"margin-top\":20,\"margin-bottom\":20},\"blockquote\":{\"font-style\":\"italic\",\"indent\":20,\"border\":4,\"border-color\":\"palette-1-base\",\"margin-top\":20,\"margin-bottom\":20},\"metadata\":{\"margin-top\":20,\"margin-bottom\":20},\"list\":{\"margin-top\":20,\"margin-bottom\":20},\"orderedlist\":{\"margin-top\":20,\"margin-bottom\":20},\"postContent\":{\"margin-top\":20,\"margin-bottom\":20},\"theme\":{\"gradient\":\"\",\"image\":\"\",\"sheet-width-xl\":1140,\"sheet-width-lg\":940,\"sheet-width-md\":720,\"sheet-width-sm\":540,\"sheet-width-xs\":340},\"htmlBaseSize\":16,\"form-input\":{\"border\":1,\"border-color\":\"grey-30\",\"borders\":\"top right bottom left\",\"color\":\"white\",\"text-color\":\"black\"}},\"backToTop\":\"<span style=\\\"height: 64px; width: 64px; margin-left: 0px; margin-right: auto; margin-top: 0px; background-image: none; right: 20px; bottom: 20px; padding: 15px\\\" class=\\\"u-back-to-top u-icon u-icon-circle u-opacity u-opacity-85 u-palette-1-base u-spacing-15\\\" data-href=\\\"#\\\">\\n        <svg class=\\\"u-svg-link\\\" preserveAspectRatio=\\\"xMidYMin slice\\\" viewBox=\\\"0 0 551.13 551.13\\\">\\n            <use xmlns:xlink=\\\"http://www.w3.org/1999/xlink\\\" xlink:href=\\\"#svg-1d98\\\"></use>\\n        </svg>\\n        <svg class=\\\"u-svg-content\\\" enable-background=\\\"new 0 0 551.13 551.13\\\" viewBox=\\\"0 0 551.13 551.13\\\" xmlns=\\\"http://www.w3.org/2000/svg\\\" id=\\\"svg-1d98\\\">\\n            <path d=\\\"m275.565 189.451 223.897 223.897h51.668l-275.565-275.565-275.565 275.565h51.668z\\\"></path>\\n        </svg>\\n    </span>\",\"lang\":\"es\",\"formServices\":{\"1f32bcde10498d19ee0343b8881c6ccc\":{\"id\":\"1f32bcde10498d19ee0343b8881c6ccc\",\"type\":\"email\",\"token\":\"ce8024951fd603b7d9fdcbfabe919643\",\"email\":\"alvarolozn@gmail.com\",\"isVerified\":true}},\"langs\":[{\"id\":\"1\",\"name\":\"es\",\"title\":\"Spanish\"}]}","dialog":null,"title":"Site2","siteStyleCss":"<style id=\"color-scheme\" color-scheme=\"custom-color-scheme-1\" color-style=\"multicolor-1\">.u-body {\n--none: transparent;\n--none-darker: transparent;\n--none-r: 255;\n--none-g: 255;\n--none-b: 255;\n--none-contrast: body-color;\n--none-contrast-darker: body-color;\n--none-text-color: var(--body-color);\n--transparent: transparent;\n--transparent-darker: transparent;\n--transparent-r: 255;\n--transparent-g: 255;\n--transparent-b: 255;\n--transparent-contrast: body-color;\n--transparent-contrast-darker: body-color;\n--transparent-text-color: var(--body-color);\n--body-color: #111111;\n--body-color-darker: #0f0f0f;\n--body-color-r: 17;\n--body-color-g: 17;\n--body-color-b: 17;\n--body-color-contrast: white;\n--body-color-contrast-darker: white;\n--body-color-text-color: var(--body-alt-color);\n--body-alt-color: #ffffff;\n--body-alt-color-darker: #e6e6e6;\n--body-alt-color-r: 255;\n--body-alt-color-g: 255;\n--body-alt-color-b: 255;\n--body-alt-color-contrast: black;\n--body-alt-color-contrast-darker: black;\n--body-alt-color-text-color: var(--body-color);\n--bg-color: #1a1a1a;\n--bg-color-darker: #171717;\n--bg-color-r: 26;\n--bg-color-g: 26;\n--bg-color-b: 26;\n--bg-color-contrast: white;\n--bg-color-contrast-darker: white;\n--bg-color-text-color: var(--body-color);\n--palette-1-base: #834496;\n--palette-1-base-darker: #763d87;\n--palette-1-base-r: 131;\n--palette-1-base-g: 68;\n--palette-1-base-b: 150;\n--palette-1-base-contrast: white;\n--palette-1-base-contrast-darker: white;\n--palette-1-base-text-color: var(--body-alt-color);\n--palette-1-dark-3: #312933;\n--palette-1-dark-3-darker: #2c252e;\n--palette-1-dark-3-r: 49;\n--palette-1-dark-3-g: 41;\n--palette-1-dark-3-b: 51;\n--palette-1-dark-3-contrast: white;\n--palette-1-dark-3-contrast-darker: white;\n--palette-1-dark-3-text-color: var(--body-alt-color);\n--palette-1-dark-2: #5c3f65;\n--palette-1-dark-2-darker: #53395b;\n--palette-1-dark-2-r: 92;\n--palette-1-dark-2-g: 63;\n--palette-1-dark-2-b: 101;\n--palette-1-dark-2-contrast: white;\n--palette-1-dark-2-contrast-darker: white;\n--palette-1-dark-2-text-color: var(--body-alt-color);\n--palette-1-dark-1: #834496;\n--palette-1-dark-1-darker: #763d87;\n--palette-1-dark-1-r: 131;\n--palette-1-dark-1-g: 68;\n--palette-1-dark-1-b: 150;\n--palette-1-dark-1-contrast: white;\n--palette-1-dark-1-contrast-darker: white;\n--palette-1-dark-1-text-color: var(--body-alt-color);\n--palette-1: #b96ecf;\n--palette-1-darker: #ae56c7;\n--palette-1-r: 185;\n--palette-1-g: 110;\n--palette-1-b: 207;\n--palette-1-contrast: white;\n--palette-1-contrast-darker: white;\n--palette-1-text-color: var(--body-alt-color);\n--palette-1-light-1: #cd95de;\n--palette-1-light-1-darker: #c079d5;\n--palette-1-light-1-r: 205;\n--palette-1-light-1-g: 149;\n--palette-1-light-1-b: 222;\n--palette-1-light-1-contrast: white;\n--palette-1-light-1-contrast-darker: white;\n--palette-1-light-1-text-color: var(--body-alt-color);\n--palette-1-light-2: #e2c0ec;\n--palette-1-light-2-darker: #d39fe2;\n--palette-1-light-2-r: 226;\n--palette-1-light-2-g: 192;\n--palette-1-light-2-b: 236;\n--palette-1-light-2-contrast: black;\n--palette-1-light-2-contrast-darker: white;\n--palette-1-light-2-text-color: var(--body-color);\n--palette-1-light-3: #f8effa;\n--palette-1-light-3-darker: #e8caee;\n--palette-1-light-3-r: 248;\n--palette-1-light-3-g: 239;\n--palette-1-light-3-b: 250;\n--palette-1-light-3-contrast: black;\n--palette-1-light-3-contrast-darker: black;\n--palette-1-light-3-text-color: var(--body-color);\n--palette-2-base: #464b8c;\n--palette-2-base-darker: #3f437e;\n--palette-2-base-r: 70;\n--palette-2-base-g: 75;\n--palette-2-base-b: 140;\n--palette-2-base-contrast: white;\n--palette-2-base-contrast-darker: white;\n--palette-2-base-text-color: var(--body-alt-color);\n--palette-2-dark-3: #292a33;\n--palette-2-dark-3-darker: #25262e;\n--palette-2-dark-3-r: 41;\n--palette-2-dark-3-g: 42;\n--palette-2-dark-3-b: 51;\n--palette-2-dark-3-contrast: white;\n--palette-2-dark-3-contrast-darker: white;\n--palette-2-dark-3-text-color: var(--body-alt-color);\n--palette-2-dark-2: #3e4060;\n--palette-2-dark-2-darker: #383a56;\n--palette-2-dark-2-r: 62;\n--palette-2-dark-2-g: 64;\n--palette-2-dark-2-b: 96;\n--palette-2-dark-2-contrast: white;\n--palette-2-dark-2-contrast-darker: white;\n--palette-2-dark-2-text-color: var(--body-alt-color);\n--palette-2-dark-1: #464b8c;\n--palette-2-dark-1-darker: #3f437e;\n--palette-2-dark-1-r: 70;\n--palette-2-dark-1-g: 75;\n--palette-2-dark-1-b: 140;\n--palette-2-dark-1-contrast: white;\n--palette-2-dark-1-contrast-darker: white;\n--palette-2-dark-1-text-color: var(--body-alt-color);\n--palette-2: #777dcb;\n--palette-2-darker: #6067c2;\n--palette-2-r: 119;\n--palette-2-g: 125;\n--palette-2-b: 203;\n--palette-2-contrast: white;\n--palette-2-contrast-darker: white;\n--palette-2-text-color: var(--body-alt-color);\n--palette-2-light-1: #9ba0da;\n--palette-2-light-1-darker: #8086d0;\n--palette-2-light-1-r: 155;\n--palette-2-light-1-g: 160;\n--palette-2-light-1-b: 218;\n--palette-2-light-1-contrast: white;\n--palette-2-light-1-contrast-darker: white;\n--palette-2-light-1-text-color: var(--body-alt-color);\n--palette-2-light-2: #c3c6ea;\n--palette-2-light-2-darker: #a3a8df;\n--palette-2-light-2-r: 195;\n--palette-2-light-2-g: 198;\n--palette-2-light-2-b: 234;\n--palette-2-light-2-contrast: black;\n--palette-2-light-2-contrast-darker: white;\n--palette-2-light-2-text-color: var(--body-color);\n--palette-2-light-3: #eff0fa;\n--palette-2-light-3-darker: #cacdee;\n--palette-2-light-3-r: 239;\n--palette-2-light-3-g: 240;\n--palette-2-light-3-b: 250;\n--palette-2-light-3-contrast: black;\n--palette-2-light-3-contrast-darker: black;\n--palette-2-light-3-text-color: var(--body-color);\n--palette-3-base: #e65c7b;\n--palette-3-base-darker: #e24064;\n--palette-3-base-r: 230;\n--palette-3-base-g: 92;\n--palette-3-base-b: 123;\n--palette-3-base-contrast: white;\n--palette-3-base-contrast-darker: white;\n--palette-3-base-text-color: var(--body-alt-color);\n--palette-3-dark-3: #33292b;\n--palette-3-dark-3-darker: #2e2527;\n--palette-3-dark-3-r: 51;\n--palette-3-dark-3-g: 41;\n--palette-3-dark-3-b: 43;\n--palette-3-dark-3-contrast: white;\n--palette-3-dark-3-contrast-darker: white;\n--palette-3-dark-3-text-color: var(--body-alt-color);\n--palette-3-dark-2: #6f4a52;\n--palette-3-dark-2-darker: #64434a;\n--palette-3-dark-2-r: 111;\n--palette-3-dark-2-g: 74;\n--palette-3-dark-2-b: 82;\n--palette-3-dark-2-contrast: white;\n--palette-3-dark-2-contrast-darker: white;\n--palette-3-dark-2-text-color: var(--body-alt-color);\n--palette-3-dark-1: #aa5b6d;\n--palette-3-dark-1-darker: #9b5061;\n--palette-3-dark-1-r: 170;\n--palette-3-dark-1-g: 91;\n--palette-3-dark-1-b: 109;\n--palette-3-dark-1-contrast: white;\n--palette-3-dark-1-contrast-darker: white;\n--palette-3-dark-1-text-color: var(--body-alt-color);\n--palette-3: #e65c7b;\n--palette-3-darker: #e24064;\n--palette-3-r: 230;\n--palette-3-g: 92;\n--palette-3-b: 123;\n--palette-3-contrast: white;\n--palette-3-contrast-darker: white;\n--palette-3-text-color: var(--body-alt-color);\n--palette-3-light-1: #ee8aa0;\n--palette-3-light-1-darker: #e96985;\n--palette-3-light-1-r: 238;\n--palette-3-light-1-g: 138;\n--palette-3-light-1-b: 160;\n--palette-3-light-1-contrast: white;\n--palette-3-light-1-contrast-darker: white;\n--palette-3-light-1-text-color: var(--body-alt-color);\n--palette-3-light-2: #f5bac7;\n--palette-3-light-2-darker: #f094a8;\n--palette-3-light-2-r: 245;\n--palette-3-light-2-g: 186;\n--palette-3-light-2-b: 199;\n--palette-3-light-2-contrast: black;\n--palette-3-light-2-contrast-darker: white;\n--palette-3-light-2-text-color: var(--body-color);\n--palette-3-light-3: #fdedf1;\n--palette-3-light-3-darker: #f8c1cf;\n--palette-3-light-3-r: 253;\n--palette-3-light-3-g: 237;\n--palette-3-light-3-b: 241;\n--palette-3-light-3-contrast: black;\n--palette-3-light-3-contrast-darker: black;\n--palette-3-light-3-text-color: var(--body-color);\n--palette-4-base: #ffce3e;\n--palette-4-base-darker: #ffc61e;\n--palette-4-base-r: 255;\n--palette-4-base-g: 206;\n--palette-4-base-b: 62;\n--palette-4-base-contrast: black;\n--palette-4-base-contrast-darker: black;\n--palette-4-base-text-color: var(--body-color);\n--palette-4-dark-3: #333029;\n--palette-4-dark-3-darker: #2e2b25;\n--palette-4-dark-3-r: 51;\n--palette-4-dark-3-g: 48;\n--palette-4-dark-3-b: 41;\n--palette-4-dark-3-contrast: white;\n--palette-4-dark-3-contrast-darker: white;\n--palette-4-dark-3-text-color: var(--body-alt-color);\n--palette-4-dark-2: #776b49;\n--palette-4-dark-2-darker: #6b6042;\n--palette-4-dark-2-r: 119;\n--palette-4-dark-2-g: 107;\n--palette-4-dark-2-b: 73;\n--palette-4-dark-2-contrast: white;\n--palette-4-dark-2-contrast-darker: white;\n--palette-4-dark-2-text-color: var(--body-alt-color);\n--palette-4-dark-1: #bba050;\n--palette-4-dark-1-darker: #ad9243;\n--palette-4-dark-1-r: 187;\n--palette-4-dark-1-g: 160;\n--palette-4-dark-1-b: 80;\n--palette-4-dark-1-contrast: white;\n--palette-4-dark-1-contrast-darker: white;\n--palette-4-dark-1-text-color: var(--body-alt-color);\n--palette-4: #ffce3e;\n--palette-4-darker: #ffc61e;\n--palette-4-r: 255;\n--palette-4-g: 206;\n--palette-4-b: 62;\n--palette-4-contrast: black;\n--palette-4-contrast-darker: black;\n--palette-4-text-color: var(--body-color);\n--palette-4-light-1: #ffdd78;\n--palette-4-light-1-darker: #ffd453;\n--palette-4-light-1-r: 255;\n--palette-4-light-1-g: 221;\n--palette-4-light-1-b: 120;\n--palette-4-light-1-contrast: black;\n--palette-4-light-1-contrast-darker: black;\n--palette-4-light-1-text-color: var(--body-color);\n--palette-4-light-2: #ffebb2;\n--palette-4-light-2-darker: #ffe087;\n--palette-4-light-2-r: 255;\n--palette-4-light-2-g: 235;\n--palette-4-light-2-b: 178;\n--palette-4-light-2-contrast: black;\n--palette-4-light-2-contrast-darker: black;\n--palette-4-light-2-text-color: var(--body-color);\n--palette-4-light-3: #fffaec;\n--palette-4-light-3-darker: #ffedbb;\n--palette-4-light-3-r: 255;\n--palette-4-light-3-g: 250;\n--palette-4-light-3-b: 236;\n--palette-4-light-3-contrast: black;\n--palette-4-light-3-contrast-darker: black;\n--palette-4-light-3-text-color: var(--body-color);\n--palette-5-base: #fee856;\n--palette-5-base-darker: #fee334;\n--palette-5-base-r: 254;\n--palette-5-base-g: 232;\n--palette-5-base-b: 86;\n--palette-5-base-contrast: black;\n--palette-5-base-contrast-darker: black;\n--palette-5-base-text-color: var(--body-color);\n--palette-5-dark-3: #333229;\n--palette-5-dark-3-darker: #2e2d25;\n--palette-5-dark-3-r: 51;\n--palette-5-dark-3-g: 50;\n--palette-5-dark-3-b: 41;\n--palette-5-dark-3-contrast: white;\n--palette-5-dark-3-contrast-darker: white;\n--palette-5-dark-3-text-color: var(--body-alt-color);\n--palette-5-dark-2: #6e6946;\n--palette-5-dark-2-darker: #635f3f;\n--palette-5-dark-2-r: 110;\n--palette-5-dark-2-g: 105;\n--palette-5-dark-2-b: 70;\n--palette-5-dark-2-contrast: white;\n--palette-5-dark-2-contrast-darker: white;\n--palette-5-dark-2-text-color: var(--body-alt-color);\n--palette-5-dark-1: #a99d4f;\n--palette-5-dark-1-darker: #988d47;\n--palette-5-dark-1-r: 169;\n--palette-5-dark-1-g: 157;\n--palette-5-dark-1-b: 79;\n--palette-5-dark-1-contrast: white;\n--palette-5-dark-1-contrast-darker: white;\n--palette-5-dark-1-text-color: var(--body-alt-color);\n--palette-5: #e4cf45;\n--palette-5-darker: #e0c82b;\n--palette-5-r: 228;\n--palette-5-g: 207;\n--palette-5-b: 69;\n--palette-5-contrast: black;\n--palette-5-contrast-darker: black;\n--palette-5-text-color: var(--body-color);\n--palette-5-light-1: #fee856;\n--palette-5-light-1-darker: #fee334;\n--palette-5-light-1-r: 254;\n--palette-5-light-1-g: 232;\n--palette-5-light-1-b: 86;\n--palette-5-light-1-contrast: black;\n--palette-5-light-1-contrast-darker: black;\n--palette-5-light-1-text-color: var(--body-color);\n--palette-5-light-2: #fef2a2;\n--palette-5-light-2-darker: #feec79;\n--palette-5-light-2-r: 254;\n--palette-5-light-2-g: 242;\n--palette-5-light-2-b: 162;\n--palette-5-light-2-contrast: black;\n--palette-5-light-2-contrast-darker: black;\n--palette-5-light-2-text-color: var(--body-color);\n--palette-5-light-3: #fffdee;\n--palette-5-light-3-darker: #fff7bd;\n--palette-5-light-3-r: 255;\n--palette-5-light-3-g: 253;\n--palette-5-light-3-b: 238;\n--palette-5-light-3-contrast: black;\n--palette-5-light-3-contrast-darker: black;\n--palette-5-light-3-text-color: var(--body-color);\n--grey-40: #999999;\n--grey-40-darker: #8a8a8a;\n--grey-40-r: 153;\n--grey-40-g: 153;\n--grey-40-b: 153;\n--grey-40-contrast: white;\n--grey-40-contrast-darker: white;\n--grey-40-text-color: var(--body-alt-color);\n--grey-30: #b3b3b3;\n--grey-30-darker: #a1a1a1;\n--grey-30-r: 179;\n--grey-30-g: 179;\n--grey-30-b: 179;\n--grey-30-contrast: white;\n--grey-30-contrast-darker: white;\n--grey-30-text-color: var(--body-alt-color);\n--grey-25: #c0c0c0;\n--grey-25-darker: #adadad;\n--grey-25-r: 192;\n--grey-25-g: 192;\n--grey-25-b: 192;\n--grey-25-contrast: black;\n--grey-25-contrast-darker: white;\n--grey-25-text-color: var(--body-color);\n--white: #ffffff;\n--white-darker: #e6e6e6;\n--white-r: 255;\n--white-g: 255;\n--white-b: 255;\n--white-contrast: black;\n--white-contrast-darker: black;\n--white-text-color: var(--body-color);\n--grey-15: #d9d9d9;\n--grey-15-darker: #c3c3c3;\n--grey-15-r: 217;\n--grey-15-g: 217;\n--grey-15-b: 217;\n--grey-15-contrast: black;\n--grey-15-contrast-darker: black;\n--grey-15-text-color: var(--body-color);\n--grey-10: #e5e5e5;\n--grey-10-darker: #cecece;\n--grey-10-r: 229;\n--grey-10-g: 229;\n--grey-10-b: 229;\n--grey-10-contrast: black;\n--grey-10-contrast-darker: black;\n--grey-10-text-color: var(--body-color);\n--grey-5: #f2f2f2;\n--grey-5-darker: #dadada;\n--grey-5-r: 242;\n--grey-5-g: 242;\n--grey-5-b: 242;\n--grey-5-contrast: black;\n--grey-5-contrast-darker: black;\n--grey-5-text-color: var(--body-color);\n--grey-90: #1a1a1a;\n--grey-90-darker: #171717;\n--grey-90-r: 26;\n--grey-90-g: 26;\n--grey-90-b: 26;\n--grey-90-contrast: white;\n--grey-90-contrast-darker: white;\n--grey-90-text-color: var(--body-alt-color);\n--grey-80: #333333;\n--grey-80-darker: #2e2e2e;\n--grey-80-r: 51;\n--grey-80-g: 51;\n--grey-80-b: 51;\n--grey-80-contrast: white;\n--grey-80-contrast-darker: white;\n--grey-80-text-color: var(--body-alt-color);\n--grey-75: #404040;\n--grey-75-darker: #3a3a3a;\n--grey-75-r: 64;\n--grey-75-g: 64;\n--grey-75-b: 64;\n--grey-75-contrast: white;\n--grey-75-contrast-darker: white;\n--grey-75-text-color: var(--body-alt-color);\n--black: #000000;\n--black-darker: #000000;\n--black-r: 0;\n--black-g: 0;\n--black-b: 0;\n--black-contrast: white;\n--black-contrast-darker: white;\n--black-text-color: var(--body-alt-color);\n--grey-70: #4d4d4d;\n--grey-70-darker: #454545;\n--grey-70-r: 77;\n--grey-70-g: 77;\n--grey-70-b: 77;\n--grey-70-contrast: white;\n--grey-70-contrast-darker: white;\n--grey-70-text-color: var(--body-alt-color);\n--grey-60: #666666;\n--grey-60-darker: #5c5c5c;\n--grey-60-r: 102;\n--grey-60-g: 102;\n--grey-60-b: 102;\n--grey-60-contrast: white;\n--grey-60-contrast-darker: white;\n--grey-60-text-color: var(--body-alt-color);\n--grey-50: #808080;\n--grey-50-darker: #737373;\n--grey-50-r: 128;\n--grey-50-g: 128;\n--grey-50-b: 128;\n--grey-50-contrast: white;\n--grey-50-contrast-darker: white;\n--grey-50-text-color: var(--body-alt-color);\n--grey-dark-3: #212121;\n--grey-dark-3-darker: #1e1e1e;\n--grey-dark-3-r: 33;\n--grey-dark-3-g: 33;\n--grey-dark-3-b: 33;\n--grey-dark-3-contrast: white;\n--grey-dark-3-contrast-darker: white;\n--grey-dark-3-text-color: var(--body-alt-color);\n--grey-dark-2: #333333;\n--grey-dark-2-darker: #2e2e2e;\n--grey-dark-2-r: 51;\n--grey-dark-2-g: 51;\n--grey-dark-2-b: 51;\n--grey-dark-2-contrast: white;\n--grey-dark-2-contrast-darker: white;\n--grey-dark-2-text-color: var(--body-alt-color);\n--grey-dark-1: #454545;\n--grey-dark-1-darker: #3e3e3e;\n--grey-dark-1-r: 69;\n--grey-dark-1-g: 69;\n--grey-dark-1-b: 69;\n--grey-dark-1-contrast: white;\n--grey-dark-1-contrast-darker: white;\n--grey-dark-1-text-color: var(--body-alt-color);\n--grey: #b3b3b3;\n--grey-darker: #a1a1a1;\n--grey-r: 179;\n--grey-g: 179;\n--grey-b: 179;\n--grey-contrast: white;\n--grey-contrast-darker: white;\n--grey-text-color: var(--body-alt-color);\n--grey-light-1: #d9d9d9;\n--grey-light-1-darker: #c3c3c3;\n--grey-light-1-r: 217;\n--grey-light-1-g: 217;\n--grey-light-1-b: 217;\n--grey-light-1-contrast: black;\n--grey-light-1-contrast-darker: black;\n--grey-light-1-text-color: var(--body-color);\n--grey-light-2: #eeeeee;\n--grey-light-2-darker: #d6d6d6;\n--grey-light-2-r: 238;\n--grey-light-2-g: 238;\n--grey-light-2-b: 238;\n--grey-light-2-contrast: black;\n--grey-light-2-contrast-darker: black;\n--grey-light-2-text-color: var(--body-color);\n--grey-light-3: #f6f6f6;\n--grey-light-3-darker: #dddddd;\n--grey-light-3-r: 246;\n--grey-light-3-g: 246;\n--grey-light-3-b: 246;\n--grey-light-3-contrast: black;\n--grey-light-3-contrast-darker: black;\n--grey-light-3-text-color: var(--body-color);\n--color-1-base: #834496;\n--color-1-base-darker: #763d87;\n--color-1-base-r: 131;\n--color-1-base-g: 68;\n--color-1-base-b: 150;\n--color-1-base-contrast: white;\n--color-1-base-contrast-darker: white;\n--color-1-base-text-color: var(--body-alt-color);\n--color-1-dark-3: #312933;\n--color-1-dark-3-darker: #2c252e;\n--color-1-dark-3-r: 49;\n--color-1-dark-3-g: 41;\n--color-1-dark-3-b: 51;\n--color-1-dark-3-contrast: white;\n--color-1-dark-3-contrast-darker: white;\n--color-1-dark-3-text-color: var(--body-alt-color);\n--color-1-dark-2: #5c3f65;\n--color-1-dark-2-darker: #53395b;\n--color-1-dark-2-r: 92;\n--color-1-dark-2-g: 63;\n--color-1-dark-2-b: 101;\n--color-1-dark-2-contrast: white;\n--color-1-dark-2-contrast-darker: white;\n--color-1-dark-2-text-color: var(--body-alt-color);\n--color-1-dark-1: #834496;\n--color-1-dark-1-darker: #763d87;\n--color-1-dark-1-r: 131;\n--color-1-dark-1-g: 68;\n--color-1-dark-1-b: 150;\n--color-1-dark-1-contrast: white;\n--color-1-dark-1-contrast-darker: white;\n--color-1-dark-1-text-color: var(--body-alt-color);\n--color-1: #b96ecf;\n--color-1-darker: #ae56c7;\n--color-1-r: 185;\n--color-1-g: 110;\n--color-1-b: 207;\n--color-1-contrast: white;\n--color-1-contrast-darker: white;\n--color-1-text-color: var(--body-alt-color);\n--color-1-light-1: #cd95de;\n--color-1-light-1-darker: #c079d5;\n--color-1-light-1-r: 205;\n--color-1-light-1-g: 149;\n--color-1-light-1-b: 222;\n--color-1-light-1-contrast: white;\n--color-1-light-1-contrast-darker: white;\n--color-1-light-1-text-color: var(--body-alt-color);\n--color-1-light-2: #e2c0ec;\n--color-1-light-2-darker: #d39fe2;\n--color-1-light-2-r: 226;\n--color-1-light-2-g: 192;\n--color-1-light-2-b: 236;\n--color-1-light-2-contrast: black;\n--color-1-light-2-contrast-darker: white;\n--color-1-light-2-text-color: var(--body-color);\n--color-1-light-3: #f8effa;\n--color-1-light-3-darker: #e8caee;\n--color-1-light-3-r: 248;\n--color-1-light-3-g: 239;\n--color-1-light-3-b: 250;\n--color-1-light-3-contrast: black;\n--color-1-light-3-contrast-darker: black;\n--color-1-light-3-text-color: var(--body-color);\n--color-2-base: #464b8c;\n--color-2-base-darker: #3f437e;\n--color-2-base-r: 70;\n--color-2-base-g: 75;\n--color-2-base-b: 140;\n--color-2-base-contrast: white;\n--color-2-base-contrast-darker: white;\n--color-2-base-text-color: var(--body-alt-color);\n--color-2-dark-3: #292a33;\n--color-2-dark-3-darker: #25262e;\n--color-2-dark-3-r: 41;\n--color-2-dark-3-g: 42;\n--color-2-dark-3-b: 51;\n--color-2-dark-3-contrast: white;\n--color-2-dark-3-contrast-darker: white;\n--color-2-dark-3-text-color: var(--body-alt-color);\n--color-2-dark-2: #3e4060;\n--color-2-dark-2-darker: #383a56;\n--color-2-dark-2-r: 62;\n--color-2-dark-2-g: 64;\n--color-2-dark-2-b: 96;\n--color-2-dark-2-contrast: white;\n--color-2-dark-2-contrast-darker: white;\n--color-2-dark-2-text-color: var(--body-alt-color);\n--color-2-dark-1: #464b8c;\n--color-2-dark-1-darker: #3f437e;\n--color-2-dark-1-r: 70;\n--color-2-dark-1-g: 75;\n--color-2-dark-1-b: 140;\n--color-2-dark-1-contrast: white;\n--color-2-dark-1-contrast-darker: white;\n--color-2-dark-1-text-color: var(--body-alt-color);\n--color-2: #777dcb;\n--color-2-darker: #6067c2;\n--color-2-r: 119;\n--color-2-g: 125;\n--color-2-b: 203;\n--color-2-contrast: white;\n--color-2-contrast-darker: white;\n--color-2-text-color: var(--body-alt-color);\n--color-2-light-1: #9ba0da;\n--color-2-light-1-darker: #8086d0;\n--color-2-light-1-r: 155;\n--color-2-light-1-g: 160;\n--color-2-light-1-b: 218;\n--color-2-light-1-contrast: white;\n--color-2-light-1-contrast-darker: white;\n--color-2-light-1-text-color: var(--body-alt-color);\n--color-2-light-2: #c3c6ea;\n--color-2-light-2-darker: #a3a8df;\n--color-2-light-2-r: 195;\n--color-2-light-2-g: 198;\n--color-2-light-2-b: 234;\n--color-2-light-2-contrast: black;\n--color-2-light-2-contrast-darker: white;\n--color-2-light-2-text-color: var(--body-color);\n--color-2-light-3: #eff0fa;\n--color-2-light-3-darker: #cacdee;\n--color-2-light-3-r: 239;\n--color-2-light-3-g: 240;\n--color-2-light-3-b: 250;\n--color-2-light-3-contrast: black;\n--color-2-light-3-contrast-darker: black;\n--color-2-light-3-text-color: var(--body-color);\n--color-3-base: #e65c7b;\n--color-3-base-darker: #e24064;\n--color-3-base-r: 230;\n--color-3-base-g: 92;\n--color-3-base-b: 123;\n--color-3-base-contrast: white;\n--color-3-base-contrast-darker: white;\n--color-3-base-text-color: var(--body-alt-color);\n--color-3-dark-3: #33292b;\n--color-3-dark-3-darker: #2e2527;\n--color-3-dark-3-r: 51;\n--color-3-dark-3-g: 41;\n--color-3-dark-3-b: 43;\n--color-3-dark-3-contrast: white;\n--color-3-dark-3-contrast-darker: white;\n--color-3-dark-3-text-color: var(--body-alt-color);\n--color-3-dark-2: #6f4a52;\n--color-3-dark-2-darker: #64434a;\n--color-3-dark-2-r: 111;\n--color-3-dark-2-g: 74;\n--color-3-dark-2-b: 82;\n--color-3-dark-2-contrast: white;\n--color-3-dark-2-contrast-darker: white;\n--color-3-dark-2-text-color: var(--body-alt-color);\n--color-3-dark-1: #aa5b6d;\n--color-3-dark-1-darker: #9b5061;\n--color-3-dark-1-r: 170;\n--color-3-dark-1-g: 91;\n--color-3-dark-1-b: 109;\n--color-3-dark-1-contrast: white;\n--color-3-dark-1-contrast-darker: white;\n--color-3-dark-1-text-color: var(--body-alt-color);\n--color-3: #e65c7b;\n--color-3-darker: #e24064;\n--color-3-r: 230;\n--color-3-g: 92;\n--color-3-b: 123;\n--color-3-contrast: white;\n--color-3-contrast-darker: white;\n--color-3-text-color: var(--body-alt-color);\n--color-3-light-1: #ee8aa0;\n--color-3-light-1-darker: #e96985;\n--color-3-light-1-r: 238;\n--color-3-light-1-g: 138;\n--color-3-light-1-b: 160;\n--color-3-light-1-contrast: white;\n--color-3-light-1-contrast-darker: white;\n--color-3-light-1-text-color: var(--body-alt-color);\n--color-3-light-2: #f5bac7;\n--color-3-light-2-darker: #f094a8;\n--color-3-light-2-r: 245;\n--color-3-light-2-g: 186;\n--color-3-light-2-b: 199;\n--color-3-light-2-contrast: black;\n--color-3-light-2-contrast-darker: white;\n--color-3-light-2-text-color: var(--body-color);\n--color-3-light-3: #fdedf1;\n--color-3-light-3-darker: #f8c1cf;\n--color-3-light-3-r: 253;\n--color-3-light-3-g: 237;\n--color-3-light-3-b: 241;\n--color-3-light-3-contrast: black;\n--color-3-light-3-contrast-darker: black;\n--color-3-light-3-text-color: var(--body-color);\n--color-4-base: #ffce3e;\n--color-4-base-darker: #ffc61e;\n--color-4-base-r: 255;\n--color-4-base-g: 206;\n--color-4-base-b: 62;\n--color-4-base-contrast: black;\n--color-4-base-contrast-darker: black;\n--color-4-base-text-color: var(--body-color);\n--color-4-dark-3: #333029;\n--color-4-dark-3-darker: #2e2b25;\n--color-4-dark-3-r: 51;\n--color-4-dark-3-g: 48;\n--color-4-dark-3-b: 41;\n--color-4-dark-3-contrast: white;\n--color-4-dark-3-contrast-darker: white;\n--color-4-dark-3-text-color: var(--body-alt-color);\n--color-4-dark-2: #776b49;\n--color-4-dark-2-darker: #6b6042;\n--color-4-dark-2-r: 119;\n--color-4-dark-2-g: 107;\n--color-4-dark-2-b: 73;\n--color-4-dark-2-contrast: white;\n--color-4-dark-2-contrast-darker: white;\n--color-4-dark-2-text-color: var(--body-alt-color);\n--color-4-dark-1: #bba050;\n--color-4-dark-1-darker: #ad9243;\n--color-4-dark-1-r: 187;\n--color-4-dark-1-g: 160;\n--color-4-dark-1-b: 80;\n--color-4-dark-1-contrast: white;\n--color-4-dark-1-contrast-darker: white;\n--color-4-dark-1-text-color: var(--body-alt-color);\n--color-4: #ffce3e;\n--color-4-darker: #ffc61e;\n--color-4-r: 255;\n--color-4-g: 206;\n--color-4-b: 62;\n--color-4-contrast: black;\n--color-4-contrast-darker: black;\n--color-4-text-color: var(--body-color);\n--color-4-light-1: #ffdd78;\n--color-4-light-1-darker: #ffd453;\n--color-4-light-1-r: 255;\n--color-4-light-1-g: 221;\n--color-4-light-1-b: 120;\n--color-4-light-1-contrast: black;\n--color-4-light-1-contrast-darker: black;\n--color-4-light-1-text-color: var(--body-color);\n--color-4-light-2: #ffebb2;\n--color-4-light-2-darker: #ffe087;\n--color-4-light-2-r: 255;\n--color-4-light-2-g: 235;\n--color-4-light-2-b: 178;\n--color-4-light-2-contrast: black;\n--color-4-light-2-contrast-darker: black;\n--color-4-light-2-text-color: var(--body-color);\n--color-4-light-3: #fffaec;\n--color-4-light-3-darker: #ffedbb;\n--color-4-light-3-r: 255;\n--color-4-light-3-g: 250;\n--color-4-light-3-b: 236;\n--color-4-light-3-contrast: black;\n--color-4-light-3-contrast-darker: black;\n--color-4-light-3-text-color: var(--body-color);\n--color-5-base: #fee856;\n--color-5-base-darker: #fee334;\n--color-5-base-r: 254;\n--color-5-base-g: 232;\n--color-5-base-b: 86;\n--color-5-base-contrast: black;\n--color-5-base-contrast-darker: black;\n--color-5-base-text-color: var(--body-color);\n--color-5-dark-3: #333229;\n--color-5-dark-3-darker: #2e2d25;\n--color-5-dark-3-r: 51;\n--color-5-dark-3-g: 50;\n--color-5-dark-3-b: 41;\n--color-5-dark-3-contrast: white;\n--color-5-dark-3-contrast-darker: white;\n--color-5-dark-3-text-color: var(--body-alt-color);\n--color-5-dark-2: #6e6946;\n--color-5-dark-2-darker: #635f3f;\n--color-5-dark-2-r: 110;\n--color-5-dark-2-g: 105;\n--color-5-dark-2-b: 70;\n--color-5-dark-2-contrast: white;\n--color-5-dark-2-contrast-darker: white;\n--color-5-dark-2-text-color: var(--body-alt-color);\n--color-5-dark-1: #a99d4f;\n--color-5-dark-1-darker: #988d47;\n--color-5-dark-1-r: 169;\n--color-5-dark-1-g: 157;\n--color-5-dark-1-b: 79;\n--color-5-dark-1-contrast: white;\n--color-5-dark-1-contrast-darker: white;\n--color-5-dark-1-text-color: var(--body-alt-color);\n--color-5: #e4cf45;\n--color-5-darker: #e0c82b;\n--color-5-r: 228;\n--color-5-g: 207;\n--color-5-b: 69;\n--color-5-contrast: black;\n--color-5-contrast-darker: black;\n--color-5-text-color: var(--body-color);\n--color-5-light-1: #fee856;\n--color-5-light-1-darker: #fee334;\n--color-5-light-1-r: 254;\n--color-5-light-1-g: 232;\n--color-5-light-1-b: 86;\n--color-5-light-1-contrast: black;\n--color-5-light-1-contrast-darker: black;\n--color-5-light-1-text-color: var(--body-color);\n--color-5-light-2: #fef2a2;\n--color-5-light-2-darker: #feec79;\n--color-5-light-2-r: 254;\n--color-5-light-2-g: 242;\n--color-5-light-2-b: 162;\n--color-5-light-2-contrast: black;\n--color-5-light-2-contrast-darker: black;\n--color-5-light-2-text-color: var(--body-color);\n--color-5-light-3: #fffdee;\n--color-5-light-3-darker: #fff7bd;\n--color-5-light-3-r: 255;\n--color-5-light-3-g: 253;\n--color-5-light-3-b: 238;\n--color-5-light-3-contrast: black;\n--color-5-light-3-contrast-darker: black;\n--color-5-light-3-text-color: var(--body-color);\n--white-contrast: var(--body-color);\n--shading-contrast: var(--body-alt-color);\n--bg-contrast: var(--body-alt-color);\n}</style><style id=\"typography\" typography=\"Normal\">\n        .u-body\n        {\n        --title-font-weight: 400;\n        --title-font-size: 4.5rem;\n        --title-line-height: 1.1;\n        --title-margin-top: 20px;\n        --title-margin-bottom: 20px;\n        --subtitle-font-weight: 400;\n        --subtitle-font-size: 2.25rem;\n        --subtitle-line-height: 1.1;\n        --subtitle-margin-top: 20px;\n        --subtitle-margin-bottom: 20px;\n        --h1-font-weight: 400;\n        --h1-font-size: 3rem;\n        --h1-line-height: 1.1;\n        --h1-margin-top: 20px;\n        --h1-margin-bottom: 20px;\n        --h2-font-weight: 400;\n        --h2-font-size: 2.25rem;\n        --h2-line-height: 1.1;\n        --h2-margin-top: 20px;\n        --h2-margin-bottom: 20px;\n        --h3-font-weight: 400;\n        --h3-font-size: 1.875rem;\n        --h3-line-height: 1.2;\n        --h3-margin-top: 20px;\n        --h3-margin-bottom: 20px;\n        --h4-font-weight: 400;\n        --h4-font-size: 1.5rem;\n        --h4-line-height: 1.2;\n        --h4-margin-top: 20px;\n        --h4-margin-bottom: 20px;\n        --h5-font-weight: 400;\n        --h5-font-size: 1.25rem;\n        --h5-line-height: 1.2;\n        --h5-margin-top: 20px;\n        --h5-margin-bottom: 20px;\n        --h6-font-weight: 400;\n        --h6-font-size: 1.125rem;\n        --h6-line-height: 1.2;\n        --h6-margin-top: 20px;\n        --h6-margin-bottom: 20px;\n        --largeText-font-size: 1.25rem;\n        --largeText-margin-top: 20px;\n        --largeText-margin-bottom: 20px;\n        --smallText-font-size: 0.875rem;\n        --smallText-margin-top: 20px;\n        --smallText-margin-bottom: 20px;\n        --text-margin-top: 20px;\n        --text-margin-bottom: 20px;\n        --hyperlink-color: var(--palette-1-base);\n        --hyperlink-alt-text-color: var(--palette-1-light-2);\n        --hyperlink-hover-color: var(--palette-1-base-darker);\n        --hyperlink-hover-alt-text-color: var(--grey-30-darker);\n        --button-margin-top: 20px;\n        --button-margin-bottom: 20px;\n        --button-background-color: var(--palette-1-base);\n        --button-color: var(--white);\n        --button-alt-background-color: var(--palette-1-light-2);\n        --button-alt-color: var(--black);\n        --button-hover-background-color: var(--palette-1-base-darker);\n        --button-hover-color: var(--white-darker);\n        --button-hover-alt-background-color: var(--palette-1-light-2-darker);\n        --button-hover-alt-color: var(--white);\n        --button-hover-background-color: var(--palette-1-base-darker);\n        --button-hover-color: var(--white-darker);\n        --button-hover-alt-background-color: var(--palette-1-light-2-darker);\n        --button-hover-alt-color: var(--white);\n        --button-active-background-color: var(--palette-1-base-darker);\n        --button-active-color: var(--white-darker);\n        --button-active-alt-background-color: var(--palette-1-light-2-darker);\n        --button-active-alt-color: var(--white);\n        --blockquote-font-style: italic;\n        --blockquote-padding-left: 20px;\n        --blockquote-border-width: 4px;\n        --blockquote-border-color: var(--palette-1-base);\n        --blockquote-margin-top: 20px;\n        --blockquote-margin-bottom: 20px;\n        --metadata-margin-top: 20px;\n        --metadata-margin-bottom: 20px;\n        --list-margin-top: 20px;\n        --list-margin-bottom: 20px;\n        --orderedlist-margin-top: 20px;\n        --orderedlist-margin-bottom: 20px;\n        --postContent-margin-top: 20px;\n        --postContent-margin-bottom: 20px;\n        --theme-sheet-width-xl: 1140px;\n        --theme-sheet-width-lg: 940px;\n        --theme-sheet-width-md: 720px;\n        --theme-sheet-width-sm: 540px;\n        --theme-sheet-width-xs: 340px;\n        --form-input-border-width: 1px;\n        --form-input-border-color: var(--grey-30);\n        --form-input-borders: top right bottom left;\n        --form-input-background-color: var(--white);\n        --form-input-color: var(--black);\n        --title-font-size-sm: 3.75rem;\n        --title-font-size-xs: 3rem;\n        --subtitle-font-size-xs: 1.5rem;\n        --h1-font-size-xs: 1.875rem;\n        --h2-font-size-xs: 1.5rem;\n        --h3-font-size-xs: 1.5rem;\n        }\n\n        /** common-rules **/\n        h1.u-title\n        {\n        font-weight: var(--title-font-weight);\n        font-size: var(--title-font-size);\n        line-height: var(--title-line-height);\n        margin-top: var(--title-margin-top);\n        margin-bottom: var(--title-margin-bottom);\n        }\n        h2.u-subtitle\n        {\n        font-weight: var(--subtitle-font-weight);\n        font-size: var(--subtitle-font-size);\n        line-height: var(--subtitle-line-height);\n        margin-top: var(--subtitle-margin-top);\n        margin-bottom: var(--subtitle-margin-bottom);\n        }\n        h1:not(.u-title)\n        {\n        font-weight: var(--h1-font-weight);\n        font-size: var(--h1-font-size);\n        line-height: var(--h1-line-height);\n        margin-top: var(--h1-margin-top);\n        margin-bottom: var(--h1-margin-bottom);\n        }\n        h2:not(.u-subtitle)\n        {\n        font-weight: var(--h2-font-weight);\n        font-size: var(--h2-font-size);\n        line-height: var(--h2-line-height);\n        margin-top: var(--h2-margin-top);\n        margin-bottom: var(--h2-margin-bottom);\n        }\n        h3\n        {\n        font-weight: var(--h3-font-weight);\n        font-size: var(--h3-font-size);\n        line-height: var(--h3-line-height);\n        margin-top: var(--h3-margin-top);\n        margin-bottom: var(--h3-margin-bottom);\n        }\n        h4\n        {\n        font-weight: var(--h4-font-weight);\n        font-size: var(--h4-font-size);\n        line-height: var(--h4-line-height);\n        margin-top: var(--h4-margin-top);\n        margin-bottom: var(--h4-margin-bottom);\n        }\n        h5\n        {\n        font-weight: var(--h5-font-weight);\n        font-size: var(--h5-font-size);\n        line-height: var(--h5-line-height);\n        margin-top: var(--h5-margin-top);\n        margin-bottom: var(--h5-margin-bottom);\n        }\n        h6\n        {\n        font-weight: var(--h6-font-weight);\n        font-size: var(--h6-font-size);\n        line-height: var(--h6-line-height);\n        margin-top: var(--h6-margin-top);\n        margin-bottom: var(--h6-margin-bottom);\n        }\n        p.u-large-text\n        {\n        font-size: var(--largeText-font-size);\n        margin-top: var(--largeText-margin-top);\n        margin-bottom: var(--largeText-margin-bottom);\n        }\n        p.u-small-text\n        {\n        font-size: var(--smallText-font-size);\n        margin-top: var(--smallText-margin-top);\n        margin-bottom: var(--smallText-margin-bottom);\n        }\n        p:not(.u-text-variant)\n        {\n        margin-top: var(--text-margin-top);\n        margin-bottom: var(--text-margin-bottom);\n        }\n        .u-btn\n        {\n        margin-top: var(--button-margin-top);\n        margin-bottom: var(--button-margin-bottom);\n        }\n        blockquote\n        {\n        font-style: var(--blockquote-font-style);\n        padding-left: var(--blockquote-padding-left);\n        border-width: var(--blockquote-border-width);\n        margin-top: var(--blockquote-margin-top);\n        margin-bottom: var(--blockquote-margin-bottom);\n        }\n        .u-metadata\n        {\n        margin-top: var(--metadata-margin-top);\n        margin-bottom: var(--metadata-margin-bottom);\n        }\n        ul:not(.u-unstyled)\n        {\n        margin-top: var(--list-margin-top);\n        margin-bottom: var(--list-margin-bottom);\n        }\n        ol\n        {\n        margin-top: var(--orderedlist-margin-top);\n        margin-bottom: var(--orderedlist-margin-bottom);\n        }\n        .u-post-content\n        {\n        margin-top: var(--postContent-margin-top);\n        margin-bottom: var(--postContent-margin-bottom);\n        }\n        .u-input\n        {\n        border-width: var(--form-input-border-width);\n        borders: var(--form-input-borders);\n        }\n        /** common-rules **/\n\n        /** publish-rules **/\n        /*begin-media rules*/\n        @media (max-width: 767px) {\n        h1.u-title\n        {\n        font-size: var(--title-font-size-sm);\n        }\n        }\n        @media (max-width: 575px) {\n        h1.u-title\n        {\n        font-size: var(--title-font-size-xs);\n        }\n        }\n        @media (max-width: 575px) {\n        h2.u-subtitle\n        {\n        font-size: var(--subtitle-font-size-xs);\n        }\n        }\n        @media (max-width: 575px) {\n        h1:not(.u-title)\n        {\n        font-size: var(--h1-font-size-xs);\n        }\n        }\n        @media (max-width: 575px) {\n        h2:not(.u-subtitle)\n        {\n        font-size: var(--h2-font-size-xs);\n        }\n        }\n        @media (max-width: 575px) {\n        h3\n        {\n        font-size: var(--h3-font-size-xs);\n        }\n        }\n        /*end-media rules*/\n        /** publish-rules **/\n\n        \n\n        /** cms-rules **/\n        /*begin-responsive rules*/\n        .u-sm h1.u-title\n        {\n        font-size: var(--title-font-size-sm);\n        }\n        .u-xs h1.u-title\n        {\n        font-size: var(--title-font-size-xs);\n        }\n        .u-xs h2.u-subtitle\n        {\n        font-size: var(--subtitle-font-size-xs);\n        }\n        .u-xs h1:not(.u-title)\n        {\n        font-size: var(--h1-font-size-xs);\n        }\n        .u-xs h2:not(.u-subtitle)\n        {\n        font-size: var(--h2-font-size-xs);\n        }\n        .u-xs h3\n        {\n        font-size: var(--h3-font-size-xs);\n        }\n        /*end-responsive rules*/\n        /** cms-rules **/\n\n        /** color-rules **/\n        .u-overlap.u-overlap-transparent:not(.u-overlap-contrast) .u-header :not(.u-nav-item) > a,\n        .u-gradient > .u-container-layout > a,\n        .u-image:not(.u-shading) > .u-container-layout > a,\n        a\n        {\n        color: var(--hyperlink-color);\n        }\n        .u-overlap.u-overlap-transparent:not(.u-overlap-contrast) .u-header :not(.u-nav-item) > a:hover,\n        .u-gradient > .u-container-layout > a:hover,\n        .u-image:not(.u-shading) > .u-container-layout > a:hover,\n        a:hover\n        {\n        color: var(--hyperlink-hover-color);\n        }\n        .u-overlap.u-overlap-transparent:not(.u-overlap-contrast) .u-header :not(.u-nav-item) > .u-btn,\n        .u-gradient > .u-container-layout > .u-btn,\n        .u-image:not(.u-shading) > .u-container-layout > .u-btn,\n        .u-btn\n        {\n        background-color: var(--button-background-color);\n        color: var(--button-color);\n        }\n        .u-overlap.u-overlap-transparent:not(.u-overlap-contrast) .u-header :not(.u-nav-item) > .u-btn:hover,\n        .u-gradient > .u-container-layout > .u-btn:hover,\n        .u-image:not(.u-shading) > .u-container-layout > .u-btn:hover,\n        .u-btn:hover\n        {\n        background-color: var(--button-hover-background-color);\n        color: var(--button-hover-color);\n        }\n        .u-overlap.u-overlap-transparent:not(.u-overlap-contrast) .u-header :not(.u-nav-item) > .u-btn:focus,\n        .u-gradient > .u-container-layout > .u-btn:focus,\n        .u-image:not(.u-shading) > .u-container-layout > .u-btn:focus,\n        .u-btn:focus\n        {\n        background-color: var(--button-hover-background-color);\n        color: var(--button-hover-color);\n        }\n        .u-overlap.u-overlap-transparent:not(.u-overlap-contrast) .u-header :not(.u-nav-item) > .u-btn:active,\n        .u-gradient > .u-container-layout > .u-btn:active,\n        .u-image:not(.u-shading) > .u-container-layout > .u-btn:active,\n        .u-btn:active\n        {\n        background-color: var(--button-active-background-color);\n        color: var(--button-active-color);\n        }\n        .u-overlap.u-overlap-transparent:not(.u-overlap-contrast) .u-header :not(.u-nav-item) > blockquote,\n        .u-gradient > .u-container-layout > blockquote,\n        .u-image:not(.u-shading) > .u-container-layout > blockquote,\n        blockquote\n        {\n        border-color: var(--blockquote-border-color);\n        }\n        .u-overlap.u-overlap-transparent:not(.u-overlap-contrast) .u-header :not(.u-nav-item) > .u-input,\n        .u-gradient > .u-container-layout > .u-input,\n        .u-image:not(.u-shading) > .u-container-layout > .u-input,\n        .u-input\n        {\n        border-color: var(--form-input-border-color);\n        background-color: var(--form-input-background-color);\n        color: var(--form-input-color);\n        }\n        /** color-rules **/\n\n        /** alt-color-rules **/\n        .u-body-color a,.u-bg-color a,.u-palette-1-base a,.u-palette-1-dark-3 a,.u-palette-1-dark-2 a,.u-palette-1-dark-1 a,.u-palette-1 a,.u-palette-1-light-1 a,.u-palette-2-base a,.u-palette-2-dark-3 a,.u-palette-2-dark-2 a,.u-palette-2-dark-1 a,.u-palette-2 a,.u-palette-2-light-1 a,.u-palette-3-base a,.u-palette-3-dark-3 a,.u-palette-3-dark-2 a,.u-palette-3-dark-1 a,.u-palette-3 a,.u-palette-3-light-1 a,.u-palette-4-dark-3 a,.u-palette-4-dark-2 a,.u-palette-4-dark-1 a,.u-palette-5-dark-3 a,.u-palette-5-dark-2 a,.u-palette-5-dark-1 a,.u-grey-40 a,.u-grey-30 a,.u-grey-90 a,.u-grey-80 a,.u-grey-75 a,.u-black a,.u-grey-70 a,.u-grey-60 a,.u-grey-50 a,.u-grey-dark-3 a,.u-grey-dark-2 a,.u-grey-dark-1 a,.u-grey a,.u-shading a,.u-overlap-contrast .u-header a:not(.u-nav-link):not(.u-btn)\n        {\n        color: var(--hyperlink-alt-text-color);\n        }\n        .u-body-color a:hover,.u-bg-color a:hover,.u-palette-1-base a:hover,.u-palette-1-dark-3 a:hover,.u-palette-1-dark-2 a:hover,.u-palette-1-dark-1 a:hover,.u-palette-1 a:hover,.u-palette-1-light-1 a:hover,.u-palette-2-base a:hover,.u-palette-2-dark-3 a:hover,.u-palette-2-dark-2 a:hover,.u-palette-2-dark-1 a:hover,.u-palette-2 a:hover,.u-palette-2-light-1 a:hover,.u-palette-3-base a:hover,.u-palette-3-dark-3 a:hover,.u-palette-3-dark-2 a:hover,.u-palette-3-dark-1 a:hover,.u-palette-3 a:hover,.u-palette-3-light-1 a:hover,.u-palette-4-dark-3 a:hover,.u-palette-4-dark-2 a:hover,.u-palette-4-dark-1 a:hover,.u-palette-5-dark-3 a:hover,.u-palette-5-dark-2 a:hover,.u-palette-5-dark-1 a:hover,.u-grey-40 a:hover,.u-grey-30 a:hover,.u-grey-90 a:hover,.u-grey-80 a:hover,.u-grey-75 a:hover,.u-black a:hover,.u-grey-70 a:hover,.u-grey-60 a:hover,.u-grey-50 a:hover,.u-grey-dark-3 a:hover,.u-grey-dark-2 a:hover,.u-grey-dark-1 a:hover,.u-grey a:hover\n        {\n        color: var(--hyperlink-hover-alt-text-color);\n        }\n        .u-body-color .u-btn,.u-bg-color .u-btn,.u-palette-1-base .u-btn,.u-palette-1-dark-3 .u-btn,.u-palette-1-dark-2 .u-btn,.u-palette-1-dark-1 .u-btn,.u-palette-1 .u-btn,.u-palette-1-light-1 .u-btn,.u-palette-2-base .u-btn,.u-palette-2-dark-3 .u-btn,.u-palette-2-dark-2 .u-btn,.u-palette-2-dark-1 .u-btn,.u-palette-2 .u-btn,.u-palette-2-light-1 .u-btn,.u-palette-3-base .u-btn,.u-palette-3-dark-3 .u-btn,.u-palette-3-dark-2 .u-btn,.u-palette-3-dark-1 .u-btn,.u-palette-3 .u-btn,.u-palette-3-light-1 .u-btn,.u-palette-4-dark-3 .u-btn,.u-palette-4-dark-2 .u-btn,.u-palette-4-dark-1 .u-btn,.u-palette-5-dark-3 .u-btn,.u-palette-5-dark-2 .u-btn,.u-palette-5-dark-1 .u-btn,.u-grey-40 .u-btn,.u-grey-30 .u-btn,.u-grey-90 .u-btn,.u-grey-80 .u-btn,.u-grey-75 .u-btn,.u-black .u-btn,.u-grey-70 .u-btn,.u-grey-60 .u-btn,.u-grey-50 .u-btn,.u-grey-dark-3 .u-btn,.u-grey-dark-2 .u-btn,.u-grey-dark-1 .u-btn,.u-grey .u-btn,.u-shading .u-btn,.u-overlap-contrast .u-header .u-btn\n        {\n        background-color: var(--button-alt-background-color);\n        color: var(--button-alt-color);\n        }\n        .u-body-color .u-btn:hover,.u-bg-color .u-btn:hover,.u-palette-1-base .u-btn:hover,.u-palette-1-dark-3 .u-btn:hover,.u-palette-1-dark-2 .u-btn:hover,.u-palette-1-dark-1 .u-btn:hover,.u-palette-1 .u-btn:hover,.u-palette-1-light-1 .u-btn:hover,.u-palette-2-base .u-btn:hover,.u-palette-2-dark-3 .u-btn:hover,.u-palette-2-dark-2 .u-btn:hover,.u-palette-2-dark-1 .u-btn:hover,.u-palette-2 .u-btn:hover,.u-palette-2-light-1 .u-btn:hover,.u-palette-3-base .u-btn:hover,.u-palette-3-dark-3 .u-btn:hover,.u-palette-3-dark-2 .u-btn:hover,.u-palette-3-dark-1 .u-btn:hover,.u-palette-3 .u-btn:hover,.u-palette-3-light-1 .u-btn:hover,.u-palette-4-dark-3 .u-btn:hover,.u-palette-4-dark-2 .u-btn:hover,.u-palette-4-dark-1 .u-btn:hover,.u-palette-5-dark-3 .u-btn:hover,.u-palette-5-dark-2 .u-btn:hover,.u-palette-5-dark-1 .u-btn:hover,.u-grey-40 .u-btn:hover,.u-grey-30 .u-btn:hover,.u-grey-90 .u-btn:hover,.u-grey-80 .u-btn:hover,.u-grey-75 .u-btn:hover,.u-black .u-btn:hover,.u-grey-70 .u-btn:hover,.u-grey-60 .u-btn:hover,.u-grey-50 .u-btn:hover,.u-grey-dark-3 .u-btn:hover,.u-grey-dark-2 .u-btn:hover,.u-grey-dark-1 .u-btn:hover,.u-grey .u-btn:hover,.u-shading .u-btn:hover,.u-overlap-contrast .u-header .u-btn:hover\n        {\n        background-color: var(--button-hover-alt-background-color);\n        color: var(--button-hover-alt-color);\n        }\n        .u-body-color .u-btn:active,.u-bg-color .u-btn:active,.u-palette-1-base .u-btn:active,.u-palette-1-dark-3 .u-btn:active,.u-palette-1-dark-2 .u-btn:active,.u-palette-1-dark-1 .u-btn:active,.u-palette-1 .u-btn:active,.u-palette-1-light-1 .u-btn:active,.u-palette-2-base .u-btn:active,.u-palette-2-dark-3 .u-btn:active,.u-palette-2-dark-2 .u-btn:active,.u-palette-2-dark-1 .u-btn:active,.u-palette-2 .u-btn:active,.u-palette-2-light-1 .u-btn:active,.u-palette-3-base .u-btn:active,.u-palette-3-dark-3 .u-btn:active,.u-palette-3-dark-2 .u-btn:active,.u-palette-3-dark-1 .u-btn:active,.u-palette-3 .u-btn:active,.u-palette-3-light-1 .u-btn:active,.u-palette-4-dark-3 .u-btn:active,.u-palette-4-dark-2 .u-btn:active,.u-palette-4-dark-1 .u-btn:active,.u-palette-5-dark-3 .u-btn:active,.u-palette-5-dark-2 .u-btn:active,.u-palette-5-dark-1 .u-btn:active,.u-grey-40 .u-btn:active,.u-grey-30 .u-btn:active,.u-grey-90 .u-btn:active,.u-grey-80 .u-btn:active,.u-grey-75 .u-btn:active,.u-black .u-btn:active,.u-grey-70 .u-btn:active,.u-grey-60 .u-btn:active,.u-grey-50 .u-btn:active,.u-grey-dark-3 .u-btn:active,.u-grey-dark-2 .u-btn:active,.u-grey-dark-1 .u-btn:active,.u-grey .u-btn:active,.u-shading .u-btn:active,.u-overlap-contrast .u-header .u-btn:active\n        {\n        background-color: var(--button-active-alt-background-color);\n        color: var(--button-active-alt-color);\n        }\n        /** alt-color-rules **/\n    </style><style id=\"font-scheme\" font-scheme=\"Roboto-OpenSans\" heading-font=\"Roboto,sans-serif\" text-font=\"'Open Sans',sans-serif\">.u-body {\n   --text-font: 'Open Sans',sans-serif;\n   --heading-font: Roboto,sans-serif;\n}</style>","appVersion":"5.10.3","isTrial":false}